Recto,Verso,Commentaire,Source,Tags
"Traumatisme fermé chez un enfant de 3ans, suite à un AVP. Cliniquement, il a présenté une douleur à la palpation de l’épaule droite. Une radiographie a été faite. De quel type de lésion s’agit-il? [image]",Réponse Fracture en bois-vert médio-diaphysaire de la clavicule droite.,"La fracture de la clavicule est parmi les plus fréquentes des fractures de l’enfant. Elle est souvent isolée. Néanmoins, elle se rencontre fréquemment dans les polytraumatismes où elle doit être systématiquement recherchée. Les fractures du tiers moyen sont de loin les plus fréquentes. Elles sont suivies par les fractures du tiers externe. Ensuite, viennent en dernier les fractures du tiers interne .. fig2 : schéma de fréquence des fractures de la clavicule selon leurs sièges",Thèse N°55-18 (FMP Marrakech) — Fractures du membre supérieur de l'enfant,CaseBasedLearning ClinicalReasoning Imaging Mechanism::AVP Orthopedics Pediatrics Region::Epaule Topic::BoisVert Topic::Clavicule Traumatology UpperExtremity
"Traumatisme fermé chez un enfant de 3ans, suite à un AVP. Cliniquement, il a présenté une douleur à la palpation de l’épaule droite. Une radiographie a été faite. Quelle attitude préconisez-vous dans ce type de fracture?",Réponse Une immobilisation par anneau claviculaire.,"Le traitement des fractures de la clavicule se fait comme suit: Fractures de la diaphyse de la clavicule: Le traitement est dans l’immense majorité des cas un traitement orthopédique avec contention par anneaux en 8 pour une durée de 3 à 4 semaines. Le traitement chirurgical est exceptionnellement indiqué en cas de complications vasculo-nerveuses ou de menace d’ouverture cutané. Fractures du quart externe de la clavicule: Le traitement est dans la grande majorité des cas orthopédique par contention par des anneaux en 8 associée à un bandage par élastoplaste en pont sur l’épaule ( abaissement du 1/4 externe) pour une durée de 3 à 4 semaines. Lésions internes de la clavicule: En cas de lésion à déplacement antérieur, le traitement consiste le plus souvent en une immobilisation du membre supérieur par une simple écharpe pour une durée de 3 semaines. En cas de lésion à déplacement postérieur, il peut être nécessaire de réduire le déplacement sous anesthésie générale et d’assurer une stabilisation chirurgicale.",Thèse N°55-18 (FMP Marrakech) — Fractures du membre supérieur de l'enfant,CaseBasedLearning Complications Mechanism::AVP NonOperativeManagement Orthopedics Pediatrics Region::Epaule SurgicalManagement Topic::BoisVert Topic::Clavicule Topic::FractureOuverte Traumatology UpperExtremity
"Traumatisme fermé chez un enfant de 3ans, suite à un AVP. Cliniquement, il a présenté une douleur à la palpation de l’épaule droite. Une radiographie a été faite. Que faut-il expliquer aux parents?","Réponse La mise en place des anneaux et la position recherchée en rétro-pulsion de l’épaule. Des anneaux lâches sont inefficaces. L’anneau ne doit pas être compressif. Aviser les parents de consulter en urgence en cas de fourmillements ou de paresthésies des doigts. Les cals vicieux sont fréquents avec persistance d'une saillie plus ou moins visible et d'un raccourcissement. Dans la plupart des cas, il n’y a aucun retentissement fonctionnel et seul peut exister un cal inesthétique.","Chez l'enfant jeune ou turbulent, on peut utiliser le procédé de PICCHIO qui consiste à plaquer le bras au thorax par un simple élastoplaste collé derrière le thorax (ne pas omettre un petit coussinet de coton dans l'aisselle). On peut compléter l'immobilisation du foyer de fracture par un coussinet collé en avant des fragments . fig3: schéma d’immobilisation selon le procédé de PICCHIO",Thèse N°55-18 (FMP Marrakech) — Fractures du membre supérieur de l'enfant,CaseBasedLearning Mechanism::AVP NonOperativeManagement Orthopedics Pediatrics Region::Epaule SurgicalManagement Topic::BoisVert Topic::Clavicule Traumatology UpperExtremity
"Traumatisme fermé de l’épaule droite, chez un enfant de 14ans, suite à une chute de sport. L’examen a trouvé une douleur au niveau de la clavicule, avec palpation de l’os sous la peau. Quel imagerie demandez-vous?",Réponse Une radiographie de l’épaule droite de face et de profil,Certaines fractures peuvent être difficiles à voir et nécessitent parfois de multiplier les incidences pour dérouler la clavicule (incidences ascendantes et obliques). .,Thèse N°55-18 (FMP Marrakech) — Fractures du membre supérieur de l'enfant,CaseBasedLearning Imaging Mechanism::Chute Mechanism::Sport Orthopedics Pediatrics Region::Epaule Topic::Clavicule Traumatology UpperExtremity
"Traumatisme fermé de l’épaule droite, chez un enfant de 14ans, suite à une chute de sport. L’examen a trouvé une douleur au niveau de la clavicule, avec palpation de l’os sous la peau. Quel est votre diagnostic? [image]",Réponse Fracture médio-diaphysaire déplacée de la clavicule droite avec menace de la peau. [image],,Thèse N°55-18 (FMP Marrakech) — Fractures du membre supérieur de l'enfant,CaseBasedLearning ClinicalReasoning Imaging Mechanism::Chute Mechanism::Sport Orthopedics Pediatrics Region::Epaule Topic::Clavicule Traumatology UpperExtremity
"Traumatisme fermé de l’épaule droite, chez un enfant de 14ans, suite à une chute de sport. L’examen a trouvé une douleur au niveau de la clavicule, avec palpation de l’os sous la peau. Quelle attitude préconisez-vous pour cette lésion?","Réponse Vu le risque d’ouverture cutanée secondaire, une réduction chirurgicale avec embrochage a été proposée . [image]","Le traitement chirurgical des fractures de la clavicule est indiqué en cas de: menace d’ouverture cutanée lésion de l’artère et/ou de la veine sous clavière, d’atteinte du plexus brachial ou du dôme pleural, subluxation acromio-claviculaire.",Thèse N°55-18 (FMP Marrakech) — Fractures du membre supérieur de l'enfant,CaseBasedLearning Complications Mechanism::Chute Mechanism::Sport Orthopedics Pediatrics Region::Epaule SurgicalManagement Topic::Clavicule Topic::FractureOuverte Traumatology UpperExtremity
"Suite à un AVP, un enfant de 13 ans a présenté un traumatisme fermé de l’épaule gauche. L’examen clinique a objectivé une impotence fonctionnelle totale et une déformation de l’épaule. L’examen vasculo-nerveux a été sans anomalie. La radiographie de l’épaule gauche faite, a montré: Interpréter la radiographie [image]",Réponse Fracture décollement épiphysaire stade I de SALTER et HARRIS de l’extrémité supérieure de l’humérus gauche avec déplacement secondaire.,"Les fractures de l’extrémité supérieure de l’humérus sont très fréquentes. Leur diagnostic clinique se fait par la mise en évidence de l’impotence fonctionnelle et de la déformation du moignon de l’épaule. Les fractures-décollements épiphysaires les plus fréquentes sont: ➢ les décollement purs du cartilage de croissance (Type I de SALTER et HARRIS), ➢ les décollements impurs associés à une fracture métaphysaire (type II).",Thèse N°55-18 (FMP Marrakech) — Fractures du membre supérieur de l'enfant,CaseBasedLearning ClinicalReasoning GrowthPlate Imaging Mechanism::AVP NonOperativeManagement Orthopedics Pediatrics Region::Epaule SalterHarris Topic::DecollementEpiphysaire Traumatology UpperExtremity
"Suite à un AVP, un enfant de 13 ans a présenté un traumatisme fermé de l’épaule gauche. L’examen clinique a objectivé une impotence fonctionnelle totale et une déformation de l’épaule. L’examen vasculo-nerveux a été sans anomalie. La radiographie de l’épaule gauche faite, a montré: Citez les différents types de décollement épiphysaire décrits par SALTER et HARRIS ?",Réponse La classification des décollements épiphysaires selon SALTER et HARRIS : type I: décollement épiphysaire pur type II: décollement épiphysaire avec fracture métaphysaire type III: décollement-fracture épiphysaire type IV: fracture épiphysio-métaphysaire type V: écrasement du cartilage de croissance fig2: image illustrant les stades des décollements épiphysaires de l'humérus selon SALTER et HARRIS [image],,Thèse N°55-18 (FMP Marrakech) — Fractures du membre supérieur de l'enfant,CaseBasedLearning GrowthPlate Mechanism::AVP Orthopedics Pediatrics Region::Epaule SalterHarris Topic::DecollementEpiphysaire Traumatology UpperExtremity
"Suite à un AVP, un enfant de 13 ans a présenté un traumatisme fermé de l’épaule gauche. L’examen clinique a objectivé une impotence fonctionnelle totale et une déformation de l’épaule. L’examen vasculo-nerveux a été sans anomalie. La radiographie de l’épaule gauche faite, a montré: Quel traitement proposez-vous?",Réponse Une réduction orthopédique de la fracture et stabilisation par un embrochage centro-médullaire élastique stable ou embrochage fasciculé . fig3: embrochage fasciculé percutané [image],"L’ostéomyélite pubienne pose des problèmes de diagnostic à cause de la variabilité des signes cliniques. Son diagnostic passe par un examen clinique soigneux de la région du bassin et une demande appropriée des examens complémentaires. Un syndrome inflammatoire biologique est souvent retrouvé, avec une hyperleucocytose, une augmentation de la vitesse de sédimentation et un taux élevé de la CRP. La radiographie standard , au début, est souvent normale. Les anomalies radiologiques initiales, telles que les images lytiques, posent un problème de diagnostic différentiel avec des lésions tumorales. Ces lésions radiologiques apparaissent au cours de l’évolution d’une ostéomyélite méconnue et le plus souvent non traitée. Tardivement, des remaniements ou des lésions sclérogéodiques apparaissent. L’échographie permet d’explorer de manière précoce et comparative les différentes facettes osseuses pelviennes à la recherche d’un abcès sous-périosté ou rompu dans les parties molles. La scintigraphie osseuse fournit des signes précoces, en montrant une hyperfixation, cependant inconstante et non spécifique, peut orienter le diagnostic mais elle ne peut ni infirmer ni confirmer la présence d’une collection purulente.",Thèse N°55-18 (FMP Marrakech) — Fractures du membre supérieur de l'enfant,CaseBasedLearning ClinicalReasoning GrowthPlate Imaging Mechanism::AVP NonOperativeManagement Orthopedics Pediatrics Region::Epaule SalterHarris SurgicalManagement Topic::DecollementEpiphysaire Topic::Toddler Traumatology UpperExtremity
"Fille de 7ans, présentant un traumatisme fermé de l’épaule gauche, suite à une chute des escaliers. L’examen clinique a trouvé une douleur exquise à la palpation de l’épaule, une limitation douloureuse de la mobilisation et une absence de troubles vasculo-nerveux. La radiographie a montré: Quel est votre diagnostic? [image]",Réponse Décollement épiphysaire stade II de SALTER et HARRIS de l’extrémité supérieure de l’humérus gauche avec déplacement important.,,Thèse N°55-18 (FMP Marrakech) — Fractures du membre supérieur de l'enfant,CaseBasedLearning ClinicalReasoning GrowthPlate Imaging Mechanism::Chute Orthopedics Pediatrics Region::Epaule SalterHarris Topic::DecollementEpiphysaire Traumatology UpperExtremity
"Fille de 7ans, présentant un traumatisme fermé de l’épaule gauche, suite à une chute des escaliers. L’examen clinique a trouvé une douleur exquise à la palpation de l’épaule, une limitation douloureuse de la mobilisation et une absence de troubles vasculo-nerveux. La radiographie a montré: Quelle classification peut-on utiliser pour juger le déplacement?","Réponse L’importance de l’angulation et de la translation permet de classer la fracture, en tenant compte de l’angulation maximum mesurée sur les clichés de face et de profil. Celle-ci est représenté par l’angle entre l’axe diaphysaire et la perpendiculaire au cartilage de croissance . Type 1: angulation < 20° et une translation < 50% Type 2: 20° < angulation < 40° ou translation > 50% Type 3: angulation > 40° ou translation totale [image]",,Thèse N°55-18 (FMP Marrakech) — Fractures du membre supérieur de l'enfant,CaseBasedLearning GrowthPlate Mechanism::Chute Orthopedics Pediatrics Region::Epaule SalterHarris Topic::DecollementEpiphysaire Traumatology UpperExtremity
"Fille de 7ans, présentant un traumatisme fermé de l’épaule gauche, suite à une chute des escaliers. L’examen clinique a trouvé une douleur exquise à la palpation de l’épaule, une limitation douloureuse de la mobilisation et une absence de troubles vasculo-nerveux. La radiographie a montré: Quelle complication nerveuse faut-il craindre? Comment la rechercher?",Réponse La complication à craindre est la lésion du nerf axillaire. Elle est recherchée en testant la sensibilité du moignon de l’épaule.,"Dès que le diagnostic est fait, il faut rechercher les complications possibles : vasculaires : lésions des vaisseaux axillaires (pouls) nerveuses : lésions du plexus brachial, du nerf circonflexe, du radial cutanées : l'ouverture est rare musculaires : deltoïde, tendon du biceps, interposition dans la fracture empêchant la réduction et justifiant une réduction chirurgicale.",Thèse N°55-18 (FMP Marrakech) — Fractures du membre supérieur de l'enfant,CaseBasedLearning ClinicalReasoning Complications GrowthPlate Mechanism::Chute Orthopedics Pediatrics Region::Epaule SalterHarris SurgicalManagement Topic::DecollementEpiphysaire Topic::Neurovasculaire Traumatology UpperExtremity
"Fille de 7ans, présentant un traumatisme fermé de l’épaule gauche, suite à une chute des escaliers. L’examen clinique a trouvé une douleur exquise à la palpation de l’épaule, une limitation douloureuse de la mobilisation et une absence de troubles vasculo-nerveux. La radiographie a montré: Quelle est votre conduite thérapeutique?",Réponse Réduction orthopédique sous anesthésie générale et stabilisation par un embrochage percutané fasciculé en palmier . [image],"Traitement des fractures-décollements épiphysaires: ➢ la majorité des fracture-décollements épiphysaires de l’extrémité supérieure de l’humérus relèvent d’un traitement orthopédique, ➢ les fractures-décollement épiphysaires de type I non déplacées ou avec un déplacement minime sont immobilisés coude au corps, sans réduction, par un simple bandage ou un Gerdy platré. Une immobilisation de 3 semaines est suffisante, relayée par une simple écharpe pour encore 3 semaines. ➢ Pour le type II ou III: à partir de 20° d'angulation, la réduction devient nécessaire et sera associée à une immobilisation plâtrée, coude au corps, si la fracture est stable. Pour les fractures instables, il est préférable de réaliser un embrochage centro-médullaire élastique stable (ECMES) ou fasciculé; à foyer fermé. ➢ l’embrochage centro-médullaire élastique stable (ECMES) est une technique d’ostéosynthèse adaptée aux fractures diaphysaires de l’enfant et de l’adolescent. La technique chirurgicale utilise deux broches en acier ou en titane dont le diamètre est égale à 40% du diamètre médullaire. Ces deux broches béquillées et cintrées sont disposées en double arc sécant à l’intérieur du fût médullaire de façon à assurer une stabilité de la réduction obtenue. ➢ L’embrochage fasciculé, décrit par Hackethal en 1961, s’applique parfaitement aux fractures humérales. Cette technique stabilise l’humérus grâce à un contact interfragmentaire étroit, l’autoblocage mutuel d’un nombre maximal de broches cendomédullaires, leur divergence métaphyso-épiphysaire proximale dans l’os spongieux céphalique et l’obstruction de la fenêtre d’entrée corticale distale. ➢ Certaines fractures-décollements épiphysaires très déplacées peuvent faire l’objet d’une réduction chirurgicale.",Thèse N°55-18 (FMP Marrakech) — Fractures du membre supérieur de l'enfant,CaseBasedLearning GrowthPlate Mechanism::Chute NonOperativeManagement Orthopedics Pediatrics Region::Epaule SalterHarris SurgicalManagement Topic::DecollementEpiphysaire Traumatology UpperExtremity
"Traumatisme fermé de l’épaule gauche, chez un enfant de 13 ans, suite à une chute lors d’un jeu. L’examen a trouvé un œdème important de l’épaule, une douleur exquise à la palpation de l’extrémité supérieure de l’humérus et une absence de troubles vasculo-nerveux. La radiographie faite, a montré: Quel est votre diagnostic? [image]",Réponse Fracture métaphysaire légérement déplacé de l’extrémité supérieure de l’humérus gauche.,Les fractures métaphysaires dépassent largement les fractures épiphysaires avec un pourcentage de 77%. Elles siègent sur la métaphyse et respectent le cartilage de croissance. Elles sont rarement métaphyso-diaphysaire. Le trait est transversal ou oblique court.,Thèse N°55-18 (FMP Marrakech) — Fractures du membre supérieur de l'enfant,CaseBasedLearning ClinicalReasoning GrowthPlate Imaging Mechanism::Chute Mechanism::Sport Orthopedics Pediatrics Region::Epaule SalterHarris Topic::DecollementEpiphysaire Traumatology UpperExtremity
"Traumatisme fermé de l’épaule gauche, chez un enfant de 13 ans, suite à une chute lors d’un jeu. L’examen a trouvé un œdème important de l’épaule, une douleur exquise à la palpation de l’extrémité supérieure de l’humérus et une absence de troubles vasculo-nerveux. La radiographie faite, a montré: Quelle est votre attitude thérapeutique?","Réponse Réduction orthopédique sous scope avec un embrochage centro-médullaire élastique stable . fig2 Après une durée de 4 mois, la radiographie a montré: [image][image]","Traitement des fractures métaphysaires: ➢ Pour le type I: une immobilisation coude au corps et sans réduction, par un bandage de type DUJARIER, est suffisante pendant 3 semaines. ➢ Pour le type II ou III: à partir de 20° d'angulation, la réduction devient nécessaire et sera associée à une immobilisation plâtrée, coude au corps, si la fracture est stable. Pour les fractures instables, il est préférable de réaliser un embrochage centro-médullaire élastique stable ou fasciculé; à foyer fermé.",Thèse N°55-18 (FMP Marrakech) — Fractures du membre supérieur de l'enfant,CaseBasedLearning Imaging Mechanism::Chute Mechanism::Sport NonOperativeManagement Orthopedics Pediatrics Region::Epaule SurgicalManagement Traumatology UpperExtremity
"Traumatisme fermé du bras gauche chez un enfant de 12ans, suite à un AVP. L’examen clinique a trouvé une déformation du bras et une douleur exquise en regard sans ouverture cutanée ni troubles vasculo-nerveux. Une radiographie a été faite, et a montré: Interprétez la radiographie [image]","Réponse Fracture diaphysaire à trait oblique court de l’humérus gauche à la jonction 1/3 supérieur 1/3 moyen, avec chevauchement.","La fracture diaphysaire de l’humérus est peu fréquente chez l’enfant. Elle fait suite à un traumatisme de haute énergie. Son diagnostic, évident, se fait par la mise en évidence d’une impotence fonctionnelle du membre supérieur, la déformation du bras et l’impression de raccourcissement du membre.",Thèse N°55-18 (FMP Marrakech) — Fractures du membre supérieur de l'enfant,CaseBasedLearning ClinicalReasoning Complications Imaging Mechanism::AVP NonOperativeManagement Orthopedics Pediatrics Region::Bras Topic::FractureOuverte Traumatology UpperExtremity
"Traumatisme fermé du bras gauche chez un enfant de 12ans, suite à un AVP. L’examen clinique a trouvé une déformation du bras et une douleur exquise en regard sans ouverture cutanée ni troubles vasculo-nerveux. Une radiographie a été faite, et a montré: Quelle est la complication qu’il faut craindre?",Réponse Une lésion du nerf radial . fig2: schéma illustrant le mécanisme de lésion du nerf radial dans une fracture diaphysaire de l'humérus [image],La paralysie radiale d’emblée constatée lors d’une fracture de la diaphyse humérale est dans la majorité des cas due à une contusion du nerf dont les effets vont être régressifs.,Thèse N°55-18 (FMP Marrakech) — Fractures du membre supérieur de l'enfant,CaseBasedLearning Complications Mechanism::AVP Orthopedics Pediatrics Region::Bras Topic::FractureOuverte Topic::Neurovasculaire Traumatology UpperExtremity
"Traumatisme fermé du bras gauche chez un enfant de 12ans, suite à un AVP. L’examen clinique a trouvé une déformation du bras et une douleur exquise en regard sans ouverture cutanée ni troubles vasculo-nerveux. Une radiographie a été faite, et a montré: Comment la rechercher?","Réponse ➢ mobilité par la flexion dorsale du poignet et l’extension des métacarpo-phalangiennes. ➢ sensibilité de la tabatière anatomique, zone sensitive privilégiée du nerf radial",,Thèse N°55-18 (FMP Marrakech) — Fractures du membre supérieur de l'enfant,CaseBasedLearning Complications Mechanism::AVP Orthopedics Pediatrics Region::Bras Topic::FractureOuverte Topic::Neurovasculaire Traumatology UpperExtremity
"Traumatisme fermé du bras gauche chez un enfant de 12ans, suite à un AVP. L’examen clinique a trouvé une déformation du bras et une douleur exquise en regard sans ouverture cutanée ni troubles vasculo-nerveux. Une radiographie a été faite, et a montré: Quel traitement proposez-vous?",Réponse Réduction orthopédique avec un embrochage percutané centro-médullaire élastique stable de METAIZEAU . [image],,Thèse N°55-18 (FMP Marrakech) — Fractures du membre supérieur de l'enfant,CaseBasedLearning Complications Mechanism::AVP NonOperativeManagement Orthopedics Pediatrics Region::Bras SurgicalManagement Topic::FractureOuverte Traumatology UpperExtremity
"Traumatisme fermé du coude droit chez un enfant de 7ans, suite à une chute de sa hauteur, avec réception sur la main, coude en extension. L’examen clinique a trouvé une douleur exquise à la palpation du coude droit, un examen vasculo-nerveux sans anomalie. La radiographie du coude droit a montré Quel est votre diagnostic? [image][image]",Réponse Fracture supra-condylienne du coude droit stade I . [image],"Les fractures supra-condyliennes sont très fréquentes. Elles représentent 60% des fractures du coude de l'enfant. Elles touchent l’enfant aux alentours de 7 ans, à cause de la présence d’une hyper-extension physiologique qui favorise la fracture en cas d'hyper-extension forcée. Dès lors 95% des fractures supra-condyliennes se font avec un mécanisme en extension. Contre 5% qui se font avec un mécanisme en flexion. Les fractures en extension sont classées, selon LAGRANGE et RIGAULT, comme suit : Fracture en extension: stade I : uniquement la corticale antérieure est rompue, non déplacée stade II : fracture des 2 corticales, bascule postérieure pure, le périoste postérieur reste toujours intact stade III: dès qu'il y a une rotation ou une translation, mais les 2 fragments restent en contact l'un avec l'autre stade IV: déplacement complet, il n'y a plus de contact entre les fragments fig4: schéma illustrant la classification de LAGRANGE et RIGAULT des fractures supra-condyliennes .",Thèse N°55-18 (FMP Marrakech) — Fractures du membre supérieur de l'enfant,BoardReview CaseBasedLearning ClinicalReasoning Imaging Mechanism::Chute Orthopedics Pediatrics Region::Coude Topic::Supracondylienne Traumatology UpperExtremity
"Traumatisme fermé du coude droit chez un enfant de 7ans, suite à une chute de sa hauteur, avec réception sur la main, coude en extension. L’examen clinique a trouvé une douleur exquise à la palpation du coude droit, un examen vasculo-nerveux sans anomalie. La radiographie du coude droit a montré Pour quel traitement optez-vous?","Réponse La contention selon la méthode de BLOUNT. Elle se fait par l’immobilisation du coude en hyper-flexion , ou un plâtre brachio-anté-brachio-palmaire en légère flexion du coude, à garder pendant 4 semaines. [image]",La réduction des fractures supra-condyliennes en extension n’est stable qu’en flexion du coude à angle aigu. C’est donc ainsi qu’il faut immobiliser le coude à la condition essentielle que le pouls radial continue à être perçu et que la vascularisation distale soit parfaite. La méthode de BLOUNT répond à ce critère.,Thèse N°55-18 (FMP Marrakech) — Fractures du membre supérieur de l'enfant,BoardReview CaseBasedLearning Mechanism::Chute NonOperativeManagement Orthopedics Pediatrics Region::Coude Topic::Supracondylienne Traumatology UpperExtremity
"Traumatisme fermé du coude droit chez un enfant de 7ans, suite à une chute de sa hauteur, avec réception sur la main, coude en extension. L’examen clinique a trouvé une douleur exquise à la palpation du coude droit, un examen vasculo-nerveux sans anomalie. La radiographie du coude droit a montré Quelle est la contre-indication absolue de la méthode de BLOUNT?",Réponse La présence d’œdème important est une contre-indication absolue à cette méthode.,"Un œdème important est une contre-indication à la contention en flexion car la peau peut se plicaturer et faire compression sur le paquet vasculo-nerveux. Mais il existe d’autres contre-indication à cette méthode, dont on cite: les fractures supra-condyliennes par flexion représentent par définition une contre-indication. Une fracture avec une lésion vasculaire représente une contre-indication certaine. Cependant, un syndrome ischémique suivant immédiatement la réduction n’est pas exceptionnel et sa survenue n’est pas une contre-indication, dans la mesure où il se lève très rapidement. La surveillance clinique post-opératoire sera encore plus étroite, et le dispositif de contention en flexion le permet particulièrement bien. Il ne faut pas tolérer et maintenir une flexion d’une fracture mal réduite. La contention ne serait plus aussi efficace.",Thèse N°55-18 (FMP Marrakech) — Fractures du membre supérieur de l'enfant,BoardReview CaseBasedLearning Mechanism::Chute NonOperativeManagement Orthopedics Pediatrics Region::Coude SurgicalManagement Topic::Supracondylienne Traumatology UpperExtremity
"Traumatisme fermé du membre supérieur gauche, chez un enfant de 9ans, avec réception sur la paume de la main. L’examen a trouvé une attitude du traumatisé du membre supérieur gauche, une douleur exquise à la palpation de l’extrémité inférieur de l’humérus gauche, des pouls distaux palpable et un examen neurologique normal. La radiographie faite, a montré: Interpréter la radiographie. De quel type de mécanisme s’agit-il? [image][image]",Réponse Fracture supra-condylienne gauche stade II par mécanisme en extension.,"Les fractures en extension sont classées, selon LAGRANGE et RIGAULT, comme suit : Fracture en extension: stade I : uniquement la corticale antérieure est rompue, non déplacée stade II : fracture des 2 corticales, bascule postérieure pure, le périoste postérieur reste toujours intact stade III: dès qu'il y a une rotation ou une translation, mais les 2 fragments restent en contact l'un avec l'autre stade IV: déplacement complet, il n'y a plus de contact entre les fragments fig3: schéma illustrant la classification de LAGRANGE et RIGAULT des fractures supra-condyliennes .",Thèse N°55-18 (FMP Marrakech) — Fractures du membre supérieur de l'enfant,BoardReview CaseBasedLearning ClinicalReasoning Imaging Orthopedics Pediatrics Region::Coude Topic::Supracondylienne Traumatology UpperExtremity
"Traumatisme fermé du membre supérieur gauche, chez un enfant de 9ans, avec réception sur la paume de la main. L’examen a trouvé une attitude du traumatisé du membre supérieur gauche, une douleur exquise à la palpation de l’extrémité inférieur de l’humérus gauche, des pouls distaux palpable et un examen neurologique normal. La radiographie faite, a montré: Quel traitement préconisez-vous pour ce patient?","Réponse Le traitement consiste en une réduction sous anesthésie générale, suivie d’une ostéosynthèse par broches selon la technique de JUDET. fig4 [image][image]","Indications dans les fractures en extension de l’enfant: ➢ Pour les fractures de stade I non déplacées, la méthode de JUDET ne présente pas d’intérêt. ➢ Pour les fractures de stade II et III, la méthode de stabilisation est par contre plus discutée: si le BLOUNT offre l’avantage de la simplicité d’exécution, il nécessite avant tout l’absence de toutes contre-indication. Par ailleurs il nécessite l’assurance d’une famille coopérante et une surveillance rigoureuse d’au moins 48 heures. Quand ces conditions ne sont pas remplies, la méthode de JUDET est justifiée. Elle se fait après la réduction de la fracture. Cette dernière est stabilisée par deux broches de Kirschner introduites le long du côté latéral, par voie percutanée. Une alternative est l’utilisation de deux broches de Kirschner croisées en évitant consciencieusement de blesser le nerf ulnaire. ➢ pour les fractures de stade IV, les risques de fracture instable, dont le diagnostic n’est pas toujours facile devant un coude très œdèmatié, nous fait proposer une réduction orthopédique suivie d’une fixation percutanée par broches. ➢ Pour toutes ces fractures, en l’absence d’une réduction anatomique parfaite ne permettant pas un brochage correct, la réduction chirurgicale s’impose. La réduction de la fracture se fait sur un enfant installé à plat dos, en bord de table. L’aide prend à l’épaule à pleines mains pour une contre-extension. Le chirurgien lui fait face, empoignant l’avant-bras. Il y a plusieurs temps dans cette réduction . La traction dans l’axe du bras se fait de manière douce et prolongée pour préserver le périoste, coude en extension ou même en légère hyper-extension pour détendre le périoste postérieur. La translation latérale ou médiale La translation antérieure en flexion du coude Enfin le blocage par pronation ou par supination de l’avant-bras selon que le périoste interne ou externe semblait continu. fig6: schéma illustrant les étapes de réduction des fractures supra-condyliennes",Thèse N°55-18 (FMP Marrakech) — Fractures du membre supérieur de l'enfant,BoardReview CaseBasedLearning ClinicalReasoning Complications NonOperativeManagement Orthopedics Pediatrics Region::Coude SurgicalManagement Topic::Neurovasculaire Topic::Supracondylienne Traumatology UpperExtremity
"Traumatisme fermé du membre supérieur gauche, chez un enfant de 9ans, avec réception sur la paume de la main. L’examen a trouvé une attitude du traumatisé du membre supérieur gauche, une douleur exquise à la palpation de l’extrémité inférieur de l’humérus gauche, des pouls distaux palpable et un examen neurologique normal. La radiographie faite, a montré: Quels sont les critères radiologiques d’une bonne réduction?","Réponse ✔ Sur une radiographie de profil, l’axe de la palette humérale doit créer avec l’axe de la diaphyse humérale un angle de 30 à 40° . ✔ Sur une radiographie de face, l’angle entre l’axe de la diaphyse humérale et la ligne passant par la physe du condyle latéral (angle de BAUMANN) doit être d’une valeur de 72° ± 5° (il permet d’apprécier le risque de cubitus varus). [image]","Selon les critères de MARION et LAGRANGE les résultats sont appréciés comme suit: Résultat parfait: le coude est identique cliniquement et radiologiquement au côté opposé. Résultat bon: la fonction du coude est bonne, mais il persiste: ➔ soit un léger déficit de la mobilité inférieur à 10° en flexion et/ou en extension ➔ soit un défaut d'axe inférieur à 10° ➔ soit une déformation inesthétique même minime ➔ soit un léger déficit de la force musculaire Résultat médiocre: la fonction du coude est anormale, il s'agit: ➔ soit d'un déficit de la mobilité supérieur à 20° ➔ soit un défaut d'axe supérieur à 10° ➔ soit un déficit important de la force musculaire Résultat mauvais: mauvaise fonction du coude avec: ➔ soit un déficit de la mobilité supérieure à 50° ➔ soit un défaut d'axe de 20° ➔ soit un déficit plus important de la force musculaire ➔ soit un trouble moteur ou sensitif",Thèse N°55-18 (FMP Marrakech) — Fractures du membre supérieur de l'enfant,BoardReview CaseBasedLearning Complications Imaging Orthopedics Pediatrics Region::Coude Topic::CalVicieux Topic::CondyleLateral Topic::Supracondylienne Traumatology UpperExtremity
"Enfant de 3ans, victime 3 mois avant son admission d’une fracture fermée de l’avant-bras gauche, traitée par plâtre brachio-anté-brachio-palmaire pendant 6 semaines. À l’ablation du plâtre, l’examen a trouvé une persistance d’une angulation de l’avant-bras, avec flessum du poignet, une rétraction des doigts en flexion irréductible et une absence de douleurs. La radiographie a montré (fig1): Quel est votre diagnostic?",Réponse Syndrome de Volkman en évolution sur une fracture des deux os de l’avant-bras gauche,"Le syndrome de Volkman: Il se définit comme l’association d’une rétraction des muscles de la loge antérieure de l’avant-bras à une paralysie +/- étendue des muscles de la main Il s’agit d’une conséquence d’ischémie intéressant les différents tissus, notamment, les masses musculaires de l’avant-bras et bien souvent des nerfs médian et ulnaire Ces lésions musculaires et ce déficit nerveux s’associent pour créer une main paralytique Après la phase aiguë, correspondant au syndrome de loges, deux symptômes sont objectivés: la rétraction musculaire et la paralysie. Alors qu’il y a régression des douleurs et recoloration des doigts. Le traitement du syndrome de Volkman reste palliatif.",Thèse N°55-18 (FMP Marrakech) — Fractures du membre supérieur de l'enfant,BoardReview CaseBasedLearning ClinicalReasoning Complications NonOperativeManagement Orthopedics Pediatrics Region::Coude Topic::Neurovasculaire Topic::SyndromeDeLoge Traumatology UpperExtremity
"Enfant de 3ans, victime 3 mois avant son admission d’une fracture fermée de l’avant-bras gauche, traitée par plâtre brachio-anté-brachio-palmaire pendant 6 semaines. À l’ablation du plâtre, l’examen a trouvé une persistance d’une angulation de l’avant-bras, avec flessum du poignet, une rétraction des doigts en flexion irréductible et une absence de douleurs. La radiographie a montré (fig1): Comment prévenir le syndrome de Volkman?","Réponse On évoque les pathologies régionales donnant un flessum extra-articulaires fébrile, à savoir : confection d’un plâtre non compressif avertir le patient des complications potentielles d’une immobilisation plâtrée insister pour que le patient garde le membre en surélévation assurer une surveillance rapprochée les deux premiers jours de la pose du plâtre expliquer les symptômes d’un syndrome de loge aigu insister pour que le patient consulte en urgence en cas de douleurs augmentant progressivement hors réponse: 3 ans après, le patient revient avec la déformation représenté sur la photo [image]",,Thèse N°55-18 (FMP Marrakech) — Fractures du membre supérieur de l'enfant,BoardReview CaseBasedLearning Complications NonOperativeManagement Orthopedics Pediatrics Region::Coude Topic::SyndromeDeLoge Traumatology UpperExtremity
"Enfant de 3ans, victime 3 mois avant son admission d’une fracture fermée de l’avant-bras gauche, traitée par plâtre brachio-anté-brachio-palmaire pendant 6 semaines. À l’ablation du plâtre, l’examen a trouvé une persistance d’une angulation de l’avant-bras, avec flessum du poignet, une rétraction des doigts en flexion irréductible et une absence de douleurs. La radiographie a montré (fig1): Décrivez la déformation que présente le patient","Réponse La déformation présente un poignet en flexion, un pouce en flexion-adduction, des métacarpo-phalangiennes en extension et des inter-phalangiennes proximales et distales en flexion.",,Thèse N°55-18 (FMP Marrakech) — Fractures du membre supérieur de l'enfant,BoardReview CaseBasedLearning Orthopedics Pediatrics Region::Coude Traumatology UpperExtremity
"Traumatisme fermé du coude, chez un enfant de 6ans, suite à une chute d’1,5m de hauteur avec réception sur la paume de la main droite. L’examen clinique a mis en évidence un élargissement antéro-postérieur du coude, une douleur à la palpation de la région supra-condylienne avec respect des reliefs du coude. L’examen vasculo-nerveux a été sans anomalie. Interprétez la radiographie suivante: [image][image]",Réponse Fracture supra-condylienne droite stade III avec mécanisme en extension.,"Les fractures en extension sont classées, selon LAGRANGE et RIGAULT, comme suit : Fracture en extension: stade I : uniquement la corticale antérieure est rompue, non déplacée stade II : fracture des 2 corticales, bascule postérieure pure, le périoste postérieur reste toujours intact stade III: dès qu'il y a une rotation ou une translation, mais les 2 fragments restent en contact l'un avec l'autre stade IV: déplacement complet, il n'y a plus de contact entre les fragments fig3: schéma illustrant la classification de LAGRANGE et RIGAULT des fractures supra-condyliennes .",Thèse N°55-18 (FMP Marrakech) — Fractures du membre supérieur de l'enfant,BoardReview CaseBasedLearning ClinicalReasoning Imaging Mechanism::Chute Orthopedics Pediatrics Region::Coude Topic::Supracondylienne Traumatology UpperExtremity
"Traumatisme fermé du coude, chez un enfant de 6ans, suite à une chute d’1,5m de hauteur avec réception sur la paume de la main droite. L’examen clinique a mis en évidence un élargissement antéro-postérieur du coude, une douleur à la palpation de la région supra-condylienne avec respect des reliefs du coude. L’examen vasculo-nerveux a été sans anomalie. Quelle est votre conduite thérapeutique?","Réponse Réduction orthopédique, avec fixation par deux broches selon la technique de JUDET. Immobilisation plâtré pendant 45j fig4 [image][image]",,Thèse N°55-18 (FMP Marrakech) — Fractures du membre supérieur de l'enfant,BoardReview CaseBasedLearning Mechanism::Chute NonOperativeManagement Orthopedics Pediatrics Region::Coude SurgicalManagement Topic::Supracondylienne Traumatology UpperExtremity
"Traumatisme fermé du coude, chez un enfant de 6ans, suite à une chute d’1,5m de hauteur avec réception sur la paume de la main droite. L’examen clinique a mis en évidence un élargissement antéro-postérieur du coude, une douleur à la palpation de la région supra-condylienne avec respect des reliefs du coude. L’examen vasculo-nerveux a été sans anomalie. Quels sont les éléments à surveiller en post-opératoire?","Réponse L'apparition et l'extension de la douleur est le signe le plus important à rechercher pour le dépistage du syndrome de loge. Les autres éléments à surveiller en post opératoire sont: Immédiatement: Mobilité et sensibilité des doigts, cherchant un déficit neurologique. Coloration et chaleur des doigts à la recherche d’un trouble vasculaire. Radiographie de contrôle jugeant l’efficacité de la réduction et de l'ostéosynthèse. A moyen terme: Radio de contrôle à la recherche d’un déplacement secondaire. Au long terme: -Examen du coude à la recherche d’une raideur ou d’une déformation (cubitus varus +++)",,Thèse N°55-18 (FMP Marrakech) — Fractures du membre supérieur de l'enfant,BoardReview CaseBasedLearning Complications Imaging Mechanism::Chute Orthopedics Pediatrics Region::Coude SurgicalManagement Topic::CalVicieux Topic::Supracondylienne Topic::SyndromeDeLoge Traumatology UpperExtremity
"Traumatisme fermé du coude gauche, chez une enfant de 6ans, suite à une chute de sa hauteur. L’examen a trouvé une tuméfaction du coude, un élargissement antéro-postérieur, une impotence fonctionnelle du membre et un examen vasculo-nerveux sans anomalies. La radiographie faite, a montré Quels sont le stade et le mécanisme de cette fracture?",Réponse Fracture supra-condylienne gauche stade IV par mécanisme en extension.,"Les fractures en extension sont classées, selon LAGRANGE et RIGAULT, comme suit : Fracture en extension: stade I : uniquement la corticale antérieure est rompue, non déplacée stade II : fracture des 2 corticales, bascule postérieure pure, le périoste postérieur reste toujours intact stade III: dès qu'il y a une rotation ou une translation, mais les 2 fragments restent en contact l'un avec l'autre stade IV: déplacement complet, il n'y a plus de contact entre les fragments fig3: schéma illustrant la classification de LAGRANGE et RIGAULT des fractures supra-condyliennes . Service de traumato-orthopédie pédiatrique Réalisation: S.M. BOUKILI Rapporteur: EM. AGHOUTANE Président: R. EL FIZZAZI",Thèse N°55-18 (FMP Marrakech) — Fractures du membre supérieur de l'enfant,BoardReview CaseBasedLearning Complications Mechanism::Chute Orthopedics Pediatrics Region::Coude Topic::FractureOuverte Topic::Neurovasculaire Topic::Supracondylienne Traumatology UpperExtremity
"Traumatisme fermé du coude gauche, chez une enfant de 6ans, suite à une chute de sa hauteur. L’examen a trouvé une tuméfaction du coude, un élargissement antéro-postérieur, une impotence fonctionnelle du membre et un examen vasculo-nerveux sans anomalies. La radiographie faite, a montré Quelle est votre conduite thérapeutique?","Réponse Réduction orthopédique, avec fixation par deux broches selon la technique de JUDET. Immobilisation plâtré pendant 45j . fig4 La radiographie après la fin du traitement et ablation des broches a montré fig5, fig6 fig5 [image][image][image]",,Thèse N°55-18 (FMP Marrakech) — Fractures du membre supérieur de l'enfant,BoardReview CaseBasedLearning Complications Imaging Mechanism::Chute NonOperativeManagement Orthopedics Pediatrics Region::Coude SurgicalManagement Topic::FractureOuverte Topic::Neurovasculaire Topic::Supracondylienne Traumatology UpperExtremity
"Traumatisme fermé du coude gauche, chez une enfant de 6ans, suite à une chute de sa hauteur. L’examen a trouvé une tuméfaction du coude, un élargissement antéro-postérieur, une impotence fonctionnelle du membre et un examen vasculo-nerveux sans anomalies. La radiographie faite, a montré Quelles sont les complications à redouter le plus pour ce type de fracture?",Réponse Les complications à redouter sont: ✔ la lésion vasculaire ✔ l’ouverture cutanée ✔ la lésion du nerf inter-osseux antérieur ✔ la lésion du nerf médian fig7: photo d'une fracture supra-condylienne en extension avec ouverture cutanée [image],"Les complications vasculo-nerveuses sont à rechercher systématiquement. Les pouls doivent être palpés afin d’éliminer une lésion de l’artère humérale . fig8: schéma du mécanisme de compression de l'artère humérale dans une fracture supra-condylienne en extension L’examen nerveux doit être effectué à la recherche de lésion du nerf radial et médian qui sont fréquentes dans les fractures avec mécanisme en extension . La recherche d’une atteinte nerveuse doit être rigoureuse. Elle se fait de la manière suivante: nerf radial: ✔ mobilité: la flexion dorsale du poignet et l’extension des métacarpo-phalangiennes. ✔ sensibilité de la tabatière anatomique, zone sensitive privilégiée du nerf radial nerf médian: ✔ mobilité: effectuer la flexion superficielle des doigts, ✔ sensibilité des pulpes du 2eme, 3eme et moitié externe du 4ème doigt fig9: schéma du mécanisme de lésion du nerf médian dans une fracture supra-condylienne en extension fig10: schéma du mécanisme de lésion du nerf radial dans une fracture supra-condylienne en extension Pendant l’examen neurologique, il ne faut pas omettre de contrôler la fonction du nerf interosseux antérieur, en exécutant la pince pouce-index . Une lésion du nerf interosseux antérieur est probablement l’atteinte neurologique la plus fréquente des fractures supra-condyliennes, mais malheureusement la plus méconnue. fig11:photo d'un test du nerf inter-osseux sans anomalie fig12: photo d'un test du nerf inter-osseux lésé Le bon pronostic des atteintes nerveuses incomplètes semble rendre licite l’abstention chirurgicale. En cas de paralysie complète du nerf médian ou du nerf radial, une exploration chirurgicale précoce ( dans la première semaine post-traumatique) doit être faite. Le traitement des fractures supra-condyliennes est une urgence. L’œdème est rapide au niveau du coude et la fracture est plus facile à réduire lorsque l’œdème est encore faible.",Thèse N°55-18 (FMP Marrakech) — Fractures du membre supérieur de l'enfant,BoardReview CaseBasedLearning Complications Mechanism::Chute Orthopedics Pediatrics Region::Coude SurgicalManagement Topic::FractureOuverte Topic::Neurovasculaire Topic::Supracondylienne Traumatology UpperExtremity
"Traumatisme fermé du coude gauche, chez un enfant de 5ans, suite à une chute de 0.5m avec réception sur coude en flexion. L’examen clinique objective un élargissement antéro-postérieur du coude avec une saillie osseuse interne, une douleur exquise à la palpation et à la mobilisation et pas de troubles vasculo-nerveux. Une radiographie a été faite. De quel type de fracture s’agit-il? [image][image]",Réponse Fracture supra-condylienne gauche stade III avec déplacement en avant du fragment inférieur (mécanisme en flexion).,"Parfois le traumatisme est une chute sur le coude lui-même et le déplacement se fait en flexion. Les fractures supra-condyliennes en flexion représentent 5% des fractures supra-condyliennes, et sont classées comme suit selon LAGRANGE et RIGAULT: Fracture en flexion: stade I: uniquement la corticale postérieure est rompue, non déplacée stade II: fracture des 2 corticales, bascule antérieure, contact persistant stade III: déplacement complet, il n'y a plus de contact Complication des fractures supra-condyliennes en flexion: Le nerf ulnaire est sujet à une lésion si le mécanisme est en flexion . La recherche d’une lésion à son niveau se fait comme suit: ✔ mobilité: effectuer l’adduction du pouce (signe de Froment), ✔ sensibilité de l’auriculaire fig3: schéma du mécanisme de lésion du nerf cubital dans une fracture supra-condylienne en flexion",Thèse N°55-18 (FMP Marrakech) — Fractures du membre supérieur de l'enfant,BoardReview CaseBasedLearning ClinicalReasoning Complications Imaging Mechanism::Chute Orthopedics Pediatrics Region::Coude Topic::Neurovasculaire Topic::Supracondylienne Traumatology UpperExtremity
"Traumatisme fermé du coude gauche, chez un enfant de 5ans, suite à une chute de 0.5m avec réception sur coude en flexion. L’examen clinique objective un élargissement antéro-postérieur du coude avec une saillie osseuse interne, une douleur exquise à la palpation et à la mobilisation et pas de troubles vasculo-nerveux. Une radiographie a été faite. Quel traitement proposez-vous?","Réponse Réduction orthopédique, avec fixation par deux broches selon la technique de JUDET avec une immobilisation plâtrée pendant 45j . [image]",Traitement des fractures en flexion: Stade 1: Immobilisation par un plâtre brachio-anté-brachio-palmaire en extension Stade 2: Réduction par manœuvre externe et embrochage percutané selon JUDET avec immobilisation par un plâtre brachio-anté-brachio-palmaire Stade3: Réduction sanglante et embrochage en croix avec immobilisation par un plâtre brachio-anté-brachio-palmaire L’immobilisation se fait pendant 3 semaines. L’enfant peut reprendre ses activités sportives après 8 semaines. supination de l’avant-bras selon que le périoste interne ou externe semblait continu.,Thèse N°55-18 (FMP Marrakech) — Fractures du membre supérieur de l'enfant,BoardReview CaseBasedLearning Mechanism::Chute NonOperativeManagement Orthopedics Pediatrics Region::Coude SurgicalManagement Topic::Supracondylienne Traumatology UpperExtremity
"Traumatisme fermé du coude gauche, chez un enfant de 5ans, suite à une chute de 0.5m avec réception sur coude en flexion. L’examen clinique objective un élargissement antéro-postérieur du coude avec une saillie osseuse interne, une douleur exquise à la palpation et à la mobilisation et pas de troubles vasculo-nerveux. Une radiographie a été faite. Quels sont les principaux conseils à donner aux parents?","Réponse ✔ Donner impérativement à la famille les critères d’une surveillance de l’immobilisation plâtrée. Insister pour qu’ils ramènent l’enfant aux urgences, en cas de douleurs augmentant progressivement, de paresthésies ou de froideur des extrémités. ✔ Expliquer l’importance fonctionnelle de l’articulation du coude et les possibles complications et séquelles. ✔ Informer les parents de toute incertitude de l’examen neurologique initial, celui-ci étant largement perturbé par la douleur.",,Thèse N°55-18 (FMP Marrakech) — Fractures du membre supérieur de l'enfant,BoardReview CaseBasedLearning Complications Mechanism::Chute NonOperativeManagement Orthopedics Pediatrics Region::Coude Topic::Supracondylienne Traumatology UpperExtremity
"Un enfant de 8 ans présente, suite à une fracture supra-condylienne droite négligée, manipulée par jebbar il y a 8 mois, une déviation de l’axe de l’avant bras de 25° en interne et une limitation de la flexion du coude à 90°. De quelle type de déformation s’agit-il?",Réponse Il s’agit d’un cubitus varus droit.,"A l’état normal, il existe au coude un certain degré de valgus physiologique, plus important chez la fille que chez le garçon. Ce cubitus valgus augmente avec l’âge, surtout lors de la poussée pubertaire, il est en moyenne de 8°chez le garçon et de 11° chez la fille. Il se transforme en varus lors de la flexion complète du coude. Le cubitus varus représente un cal vicieux en varus, consécutif aux fractures supra condyliennes, généralement déplacées de l'extrémité inférieure de l'humérus. Il a pour cause soit une mal union supra-condylienne soit une ostéonécrose de la trochlée. Les composantes de la déformation sont un varus, une rotation interne et une hyper extension",Thèse N°55-18 (FMP Marrakech) — Fractures du membre supérieur de l'enfant,BoardReview CaseBasedLearning Complications Orthopedics Pediatrics Region::Coude Topic::CalVicieux Topic::Supracondylienne Traumatology UpperExtremity
"Un enfant de 8 ans présente, suite à une fracture supra-condylienne droite négligée, manipulée par jebbar il y a 8 mois, une déviation de l’axe de l’avant bras de 25° en interne et une limitation de la flexion du coude à 90°. Quelle mesure permet d’identifier cette déformation? Quelle est sa valeur physiologique ?",Réponse L’angle de Baumann permet d’évaluer la valeur du cubitus varus. Sa valeur physiologique est de 72° ± 5° fig2: image illustrant la technique de mesure de l'angle de Baumann [image],"Afin de détecter les déviations axiales propres au coude, on utilise certaines mesures: De face coude en extension et avant-bras en supination maximale on s'aide de l'angle de Baumann, (formé par l'intersection entre l'axe de l'humérus et une ligne parallèle au cartilage de croissance du condyle externe) en moyenne de 75°, (avec des écarts tolérables de + ou - 5°) représentant un cubitus valgus de 10° et dont l'avantage majeur est de rester fiable coude fléchi, à condition que le rayon incident soit bien perpendiculaire à la palette fig3 De profil on mesure l'anté-flexion épiphysaire inclinaison entre l'axe huméral et la ligne perpendiculaire au cartilage de croissance) qui est de 40° . fig4",Thèse N°55-18 (FMP Marrakech) — Fractures du membre supérieur de l'enfant,BoardReview CaseBasedLearning Complications GrowthPlate Orthopedics Pediatrics Region::Coude SalterHarris Topic::CalVicieux Topic::CondyleLateral Topic::DecollementEpiphysaire Topic::Supracondylienne Traumatology UpperExtremity
"Un enfant de 8 ans présente, suite à une fracture supra-condylienne droite négligée, manipulée par jebbar il y a 8 mois, une déviation de l’axe de l’avant bras de 25° en interne et une limitation de la flexion du coude à 90°. Quel traitement proposez-vous pour ce patient?",Réponse Ostéotomie de valgisation et de flexion permettant la correction du varus et l’amélioration de la flexion fig5 [image][image],"La technique le plus souvent réalisée est celle de DESCAMPS, qui consiste en une ostéotomie supra condylienne cunéiforme de soustraction externe d’un coin osseux correspondant à la correction désirée à la recherche de la restauration d’un valgus physiologique. Cette ostéotomie est effectuée à la jonction diaphyso-métaphysaire.",Thèse N°55-18 (FMP Marrakech) — Fractures du membre supérieur de l'enfant,BoardReview CaseBasedLearning Complications NonOperativeManagement Orthopedics Pediatrics Region::Coude Topic::CalVicieux Topic::Supracondylienne Traumatology UpperExtremity
"Un enfant de 8 ans présente, suite à une fracture supra-condylienne droite négligée, manipulée par jebbar il y a 8 mois, une déviation de l’axe de l’avant bras de 25° en interne et une limitation de la flexion du coude à 90°. Quelles complications fonctionnelles peut engendrer cette déformation?",Réponse Instabilité du coude avec luxation postérieur récidivante ou luxation de la tête radiale. Risque de fracture du condyle latéral. Risque de paralysie tardive du nerf cubital,"Le cubitus varus n'altère que peu la fonction du membre, l'indication est posée pour la gène esthétique occasionnée mais aussi pour éviter certaines complications telle que la paralysie nerveuse ulnaire, l'instabilité rotatoire postéro-latérale et la fracture secondaire de l'humérus distal.",Thèse N°55-18 (FMP Marrakech) — Fractures du membre supérieur de l'enfant,BoardReview CaseBasedLearning Complications NonOperativeManagement Orthopedics Pediatrics Region::Coude Topic::CalVicieux Topic::ColRadius Topic::CondyleLateral Topic::Neurovasculaire Topic::Supracondylienne Traumatology UpperExtremity
"Enfant de 5ans, victime d’un traumatisme fermé du coude droit, suite à une chute de 0,5 m de hauteur. L’examen clinique a trouvé un élargissement antéro-postérieur du coude, une douleur à la palpation de l’extrémité inférieure de l’humérus, une impotence fonctionnelle totale du coude et une absence d’anomalie vasculo-nerveuses. Interprétez la radiographie suivante: [image][image]",Réponse Fracture sus et inter-condylienne droite de la palette humérale.,"Les fractures sus et inter-condyliennes représentent 2% des fractures du coude de l’enfant. Elles sont rares avant 10ans. Classification: Fractures inter-condyliennes sans déplacement ou à déplacement minime. La fracture comporte un seul trait de fracture vertical. Fractures inter-condyliennes et sus-condyliennes. Les fractures comportent outre le trait vertical un trait transversal métaphysaire. Ce sont des fractures en T ou en Y. Fractures comminutives. Fractures diaphyso-épiphysaires. Le traitement des fractures sus et inter-condyliennes est le plus souvent chirurgical par broches afin d’assurer une bonne stabilité du foyer fracturaire. Chez le grand enfant la rééducation peut être recommandé si la raideur est présente. Certaines séquelles guettent ce type de lésion, d’autant plus si la fracture est comminutive et que l’enfant est âgé. Les plus redoutables sont les cals vicieux articulaires.",Thèse N°55-18 (FMP Marrakech) — Fractures du membre supérieur de l'enfant,BoardReview CaseBasedLearning ClinicalReasoning Complications GrowthPlate Imaging Mechanism::Chute Orthopedics Pediatrics Region::Coude SalterHarris SurgicalManagement Topic::DecollementEpiphysaire Traumatology UpperExtremity
"Enfant de 5ans, victime d’un traumatisme fermé du coude droit, suite à une chute de 0,5 m de hauteur. L’examen clinique a trouvé un élargissement antéro-postérieur du coude, une douleur à la palpation de l’extrémité inférieure de l’humérus, une impotence fonctionnelle totale du coude et une absence d’anomalie vasculo-nerveuses. Quelles sont les complications immédiates qu’il faut rechercher?",Réponse ✔ L’ouverture cutanée ✔ La lésion du nerf médian ✔ La lésion du nerf ulnaire,,Thèse N°55-18 (FMP Marrakech) — Fractures du membre supérieur de l'enfant,BoardReview CaseBasedLearning Complications Mechanism::Chute Orthopedics Pediatrics Region::Coude Topic::FractureOuverte Topic::Neurovasculaire Traumatology UpperExtremity
"Enfant de 5ans, victime d’un traumatisme fermé du coude droit, suite à une chute de 0,5 m de hauteur. L’examen clinique a trouvé un élargissement antéro-postérieur du coude, une douleur à la palpation de l’extrémité inférieure de l’humérus, une impotence fonctionnelle totale du coude et une absence d’anomalie vasculo-nerveuses. Comment recherche-t-on les complications nerveuses?","Réponse Nerf médian: ✔ mobilité: effectuer la flexion superficielle des doigts, ✔ sensibilité des pulpes du 2eme, 3eme et moitié externe du 4ème doigt Nerf ulnaire: ✔ mobilité: effectuer l’adduction du pouce (signe de Froment), ✔ sensibilité de l’auriculaire",,Thèse N°55-18 (FMP Marrakech) — Fractures du membre supérieur de l'enfant,BoardReview CaseBasedLearning Complications Mechanism::Chute Orthopedics Pediatrics Region::Coude Topic::Neurovasculaire Traumatology UpperExtremity
"Enfant de 5ans, victime d’un traumatisme fermé du coude droit, suite à une chute de 0,5 m de hauteur. L’examen clinique a trouvé un élargissement antéro-postérieur du coude, une douleur à la palpation de l’extrémité inférieure de l’humérus, une impotence fonctionnelle totale du coude et une absence d’anomalie vasculo-nerveuses. Quel traitement proposez-vous?",Réponse Réduction chirurgical à ciel ouvert et embrochage sus et inter-condylien. [image],,Thèse N°55-18 (FMP Marrakech) — Fractures du membre supérieur de l'enfant,BoardReview CaseBasedLearning Mechanism::Chute Orthopedics Pediatrics Region::Coude SurgicalManagement Traumatology UpperExtremity
"Traumatisme négligé du coude droit chez un enfant de 3 ans, suite à une chute de sa hauteur avec réception direct sur le coude. L’examen a trouvé un coude tuméfié avec ecchymose en regard, une douleur à la palpation, un déficit de la flexion active et passive et pas de trouble vasculo-nerveux. La radiographie a montré: Quel est le stade de cette fracture selon LAGRANGE et RIGAULT ?",Réponse Fracture du condyle externe droit stade I fig3 [image],"Les fractures du condyle latéral représentent 20% des fractures du coudes de l’enfant. Leur pic de fréquence se situe à l’âge de 6 ans. Deux mécanismes sont retrouvés: Le valgus forcé avec translation du coude en dehors emportant le condyle externe, réalisant une fracture-séparation. Le fragment condylien peut être très déplacé, voire même retourné, les surfaces osseuses cruentées ne sont plus en regard. Le déplacement en varus est plus rare, simple bâillement avec fracture-séparation incomplète métaphysaire externe de l’humérus, sans solution de continuité au niveau articulaire. Ce mécanisme plus rare, ne doit pas pour autant rassurer car le trait se prolonge jusqu’au cartilage de croissance. La recherche de lésions associées est obligatoire.",Thèse N°55-18 (FMP Marrakech) — Fractures du membre supérieur de l'enfant,BoardReview CaseBasedLearning GrowthPlate Mechanism::Chute Orthopedics Pediatrics Region::Coude SalterHarris Topic::CondyleLateral Topic::DecollementEpiphysaire Traumatology UpperExtremity
"Traumatisme négligé du coude droit chez un enfant de 3 ans, suite à une chute de sa hauteur avec réception direct sur le coude. L’examen a trouvé un coude tuméfié avec ecchymose en regard, une douleur à la palpation, un déficit de la flexion active et passive et pas de trouble vasculo-nerveux. La radiographie a montré: Quels sont les autres stades de cette classification?","Réponse Stade II: déplacement supérieur ou égal à 2mm sur au moins une incidence radiographique, avec une translation latérale et sans rotation Stade III: déplacement important associant translation latérale et rotation du fragment condylien",,Thèse N°55-18 (FMP Marrakech) — Fractures du membre supérieur de l'enfant,BoardReview CaseBasedLearning Imaging Mechanism::Chute Orthopedics Pediatrics Region::Coude Topic::CondyleLateral Traumatology UpperExtremity
"Traumatisme négligé du coude droit chez un enfant de 3 ans, suite à une chute de sa hauteur avec réception direct sur le coude. L’examen a trouvé un coude tuméfié avec ecchymose en regard, une douleur à la palpation, un déficit de la flexion active et passive et pas de trouble vasculo-nerveux. La radiographie a montré: Quel traitment proposez-vous ?",Réponse Réduction à ciel ouvert avec maintient par 2 broches obliques . Un plâtre brachio-antébrachio-palmaire sera gardé pendant 4 semaines. fig5 [image],,Thèse N°55-18 (FMP Marrakech) — Fractures du membre supérieur de l'enfant,BoardReview CaseBasedLearning Mechanism::Chute NonOperativeManagement Orthopedics Pediatrics Region::Coude SurgicalManagement Topic::CondyleLateral Traumatology UpperExtremity
"Traumatisme fermé du coude gauche, chez un enfant de 10 ans, suite à une chute de sa hauteur avec réception sur l’avant-bras. A l’examen: coude tuméfié avec douleur à la palpation de la face externe du coude, sans troubles vasculo-nerveux. La radiographie a montré: Quel est votre diagnostic? [image][image]",Réponse Fracture du condyle externe gauche stade II selon la classification de LAGRANGE et RIGAULT.,"Il y a souvent peu de signes en faveur de cette fracture déjà trompeuse dès le premier examen, à cause de l’importance de l’œdème post-fracturaire. Le premier risque est de négliger le trait ou même de plâtrer sans avoir apprécié le déplacement. La radiographie est donc indispensable à condition d’exiger des incidences de bonne qualité. En effet, s’il est déjà difficile dans le contexte traumatique d’obtenir un coude de face en extension, il ne faut jamais s’en contenter car il sera insuffisant si le déplacement est modéré et seul le cliché de profil pourra mettre en évidence l’hémarthrose et le bâillement postérieur. Il faut savoir demander des clichées comparatifs au moindre doute. En effet, la sous-estimation de la taille du fragment et de son déplacement est pratiquement constante. Un cliché 3/4 peut apporter des renseignements précieux. Les documents initiaux seront gardés avec soin en raison du risque important de déplacement secondaire.",Thèse N°55-18 (FMP Marrakech) — Fractures du membre supérieur de l'enfant,BoardReview CaseBasedLearning ClinicalReasoning Complications Imaging Mechanism::Chute NonOperativeManagement Orthopedics Pediatrics Region::Coude Topic::CondyleLateral Traumatology UpperExtremity
"Traumatisme fermé du coude gauche, chez un enfant de 10 ans, suite à une chute de sa hauteur avec réception sur l’avant-bras. A l’examen: coude tuméfié avec douleur à la palpation de la face externe du coude, sans troubles vasculo-nerveux. La radiographie a montré: Est-ce une indication à un traitement chirurgical? Et pourquoi?","Réponse Le traitement doit être chirurgical, car il s’agit d’une fracture articulaire. Le fragment distal doit être reposé anatomiquement, sans décalage ni aucun déplacement résiduel . fig3 [image][image]","Les indications thérapeutiques se présentent comme suit: a- Immobilisation seule: Les fractures non déplacées de stade I peuvent être être immobilisées d'emblée par un plâtre brachio-anté-brachio-palmaire pendant 4 semaines. Le risque important de déplacement secondaire, impose des radio de contrôle à J7, J15 et J21 post-opératoire. b- Réduction avec embrochage à ciel ouvert: Le traitement chirurgical permet par un abord direct, de réduire et de reposer anatomiquement le condyle externe. La dissection doit être minutieuse étant donné le risque de nécrose. L'ostéosynthèse fait appel aux vis ou plus souvent aux broches, qui doivent être divergentes et obliques de bas en haut. L’immobilisation fait appel au plâtre brachio-anté-brachio-palmaire pour une durée moyenne de 45 jours. c- les suites thérapeutiques: Surveillance et dépistage du syndrome de Volkmann. Pas de rééducation. Les activités sportives seront reprises progressivement un mois après la fin du traitement.",Thèse N°55-18 (FMP Marrakech) — Fractures du membre supérieur de l'enfant,BoardReview CaseBasedLearning Complications Mechanism::Chute NonOperativeManagement Orthopedics Pediatrics Region::Coude SurgicalManagement Topic::CondyleLateral Topic::Neurovasculaire Traumatology UpperExtremity
"Traumatisme fermé du coude gauche, chez un enfant de 10 ans, suite à une chute de sa hauteur avec réception sur l’avant-bras. A l’examen: coude tuméfié avec douleur à la palpation de la face externe du coude, sans troubles vasculo-nerveux. La radiographie a montré: Quelles sont les complications à craindre pour ce type de fracture?","Réponse 1/ Immédiates: Déplacement secondaire Sepsis: rare. 2/ Tardives: Retard de consolidation: (5ème semaine) Pseudarthrose : (3ème mois) En l'absence de gêne fonctionnelle importante, l'abstention doit rester la règle car toute reprise de condyle externe expose à d'autres complications dominées par la nécrose et la raideur du coude. Hypertrophie du condyle externe. La nécrose du condyle externe.","Les complications les plus graves sont, d’une part, le retard de consolidation, par insuffisance de stabilisation et persistance de micro-mouvements dans le foyer de fracture, ayant favorisé l'interposition de tissu fibreux. D’autres part la pseudarthrose qui est la principale complication des fractures du condyle externe. Elle complique: les fractures non diagnostiquées ou mal traitées. les déplacements secondaires des fractures de stade I insuffisamment immobilisées. les fractures de stade II ou III, non réduites et/ou non synthétisées.",Thèse N°55-18 (FMP Marrakech) — Fractures du membre supérieur de l'enfant,BoardReview CaseBasedLearning Complications Mechanism::Chute NonOperativeManagement Orthopedics Pediatrics Region::Coude Topic::CondyleLateral Topic::Pseudarthrose Traumatology UpperExtremity
"Traumatisme du coude, chez un enfant de 13ans, suite à un AVP. L’examen a trouvé un coude droit tuméfié, une douleur à la palpation de l’épitrochlée, une impotence fonctionnelle partielle et une absence de troubles vasculo-nerveux. Interprétez la radiographie suivante: [image][image]",Réponse Fracture déplacée du condyle interne droit.,"Les fractures du condyle interne représentent 2% des fractures du coude de l’enfant. Elles font suites à une traction des muscles épi-trochléens, par des mouvements de torsion et de valgus. Le risque de déplacement secondaire est accru. C’est pour cela que l’immobilisation doit se faire dès l’entrée aux urgences. Le diagnostic radiologique est difficile. Des signes indirects, comme l’élargissement des parties molles et l’arrachement métaphysaire médial, peuvent aider au diagnostic.",Thèse N°55-18 (FMP Marrakech) — Fractures du membre supérieur de l'enfant,BoardReview CaseBasedLearning ClinicalReasoning Complications Imaging Mechanism::AVP NonOperativeManagement Orthopedics Pediatrics Region::Coude Topic::EpicondyleMedial Traumatology UpperExtremity
"Traumatisme du coude, chez un enfant de 13ans, suite à un AVP. L’examen a trouvé un coude droit tuméfié, une douleur à la palpation de l’épitrochlée, une impotence fonctionnelle partielle et une absence de troubles vasculo-nerveux. Quel élément vasculo-nerveux est en danger?",Réponse Le nerf ulnaire.,"Les complications possibles sont: -Immédiate: paralysie ulnaire -Secondaires: Nécrose du condyle médial, évolution vers le cubitus varus Pseudarthrose, évolution vers le cubitus varus",Thèse N°55-18 (FMP Marrakech) — Fractures du membre supérieur de l'enfant,BoardReview CaseBasedLearning Complications Mechanism::AVP Orthopedics Pediatrics Region::Coude Topic::CalVicieux Topic::EpicondyleMedial Topic::Neurovasculaire Topic::Pseudarthrose Traumatology UpperExtremity
"Traumatisme du coude, chez un enfant de 13ans, suite à un AVP. L’examen a trouvé un coude droit tuméfié, une douleur à la palpation de l’épitrochlée, une impotence fonctionnelle partielle et une absence de troubles vasculo-nerveux. Quel classification est utilisée pour ce type de fracture?","Réponse Classification de MILCH : fig3 Type I: le trait se termine dans la gorge trochléenne Type II: le trait se termine dans la gorge capitello-trochléaire fig3: schéma des stades de la classification de Milch pour les fractures du condyle interne Classification de BENSAHEL: est la plus utilisée, elle tient compte du déplacement Stade 1: non déplacé Stade 2: déplacement médial sans rotation Stade 3: important déplacement avec rotation [image]",,Thèse N°55-18 (FMP Marrakech) — Fractures du membre supérieur de l'enfant,BoardReview CaseBasedLearning Mechanism::AVP Orthopedics Pediatrics Region::Coude Topic::EpicondyleMedial Traumatology UpperExtremity
"Traumatisme du coude, chez un enfant de 13ans, suite à un AVP. L’examen a trouvé un coude droit tuméfié, une douleur à la palpation de l’épitrochlée, une impotence fonctionnelle partielle et une absence de troubles vasculo-nerveux. Quel traitement proposez-vous?",Réponse Réduction chirurgicale avec maintient par un embrochage divergent par 2 broches de Kirschner. fig4 [image][image],"Le traitement des fractures du condyle interne se fait comme suit: stade I de la classification de BENSAHEL: son traitement est orthopédique par une immobilisation brachio-anté-brachio-palmaire, coude fléchit à 90°. Les fractures de stade II et III sont traitées chirurgicalement par deux broches . La consolidation se fait en 4 à 6 semaines. La surveillance à J10 est obligatoire lorsque le traitement est orthopédique.",Thèse N°55-18 (FMP Marrakech) — Fractures du membre supérieur de l'enfant,BoardReview CaseBasedLearning Mechanism::AVP NonOperativeManagement Orthopedics Pediatrics Region::Coude SurgicalManagement Topic::EpicondyleMedial Traumatology UpperExtremity
"Enfant de 6 ans, victime d’une chute de sa hauteur à point d’impact au niveau du coude gauche. L’examen a trouvé: une limitation de la mobilité du coude et une douleur exquise à la palpation. La radiographie a montré: De quel type de lésion s’agit-il? [image][image]",Réponse Fracture de la tête radiale gauche stade 2. [image],"Les fractures du col radial sont peu fréquentes. En effet, elles ne représentent que 5% des fractures du coude. Ceci grâce à la structure cartilagineuse de l’épiphyse radiale qui amortit les chocs, et le retard d’apparition du noyau d’ossification (vers 5ans). Elles sont, dans 50% des cas, associées à d’autres lésions. Des radiographies strict de face et oblique peuvent aider à établir un diagnostic, qui peut être difficile en l’absence de déplacement.",Thèse N°55-18 (FMP Marrakech) — Fractures du membre supérieur de l'enfant,BoardReview CaseBasedLearning ClinicalReasoning Imaging Mechanism::Chute Orthopedics Pediatrics Region::Coude Topic::ColRadius Traumatology UpperExtremity
"Enfant de 6 ans, victime d’une chute de sa hauteur à point d’impact au niveau du coude gauche. L’examen a trouvé: une limitation de la mobilité du coude et une douleur exquise à la palpation. La radiographie a montré: Citez les stades de cette fracture selon JUDET?","Réponse La classification selon JUDET: Stade 1 : translation externe pure de quelques milimètres Stade 2 : déplacement latéral <50%, angulation<30° Stade 3 : 30°< angulation<60° Stade 4 : angulation>60°, divisé en deux groupes par METAIZEAU type 4 a: angulation<80° type 4 b: angulation>80°","Les fractures les plus fréquentes au niveau du col radial sont: décollement épiphysaire de type II de SALTER, le fragment métaphysaire étant latéral ou postéro-latéral. Fracture métaphysaire pure du col radial. Les fractures articulaires sont exceptionnelles le déplacement pré-cité est classé selon JUDET. cette illustration schématise cette classification . fig4: schéma illustrant les stades de fractures de la tête radiale",Thèse N°55-18 (FMP Marrakech) — Fractures du membre supérieur de l'enfant,BoardReview CaseBasedLearning GrowthPlate Mechanism::Chute Orthopedics Pediatrics Region::Coude SalterHarris Topic::ColRadius Topic::DecollementEpiphysaire Traumatology UpperExtremity
"Enfant de 6 ans, victime d’une chute de sa hauteur à point d’impact au niveau du coude gauche. L’examen a trouvé: une limitation de la mobilité du coude et une douleur exquise à la palpation. La radiographie a montré: Quelle lésion nerveuse doit être recherchée? Et comment le faire?","Réponse La lésion du nerf radial doit systématiquement être recherché devant toute fracture radiale. Sa recherche se fait de la manière suivante: ✔ mobilité par la flexion dorsale du poignet et l’extension des métacarpo-phalangiennes. ✔ sensibilité de la tabatière anatomique, zone sensitive privilégiée du nerf radial",,Thèse N°55-18 (FMP Marrakech) — Fractures du membre supérieur de l'enfant,BoardReview CaseBasedLearning ClinicalReasoning Complications Mechanism::Chute Orthopedics Pediatrics Region::Coude Topic::ColRadius Topic::Neurovasculaire Traumatology UpperExtremity
"Enfant de 6 ans, victime d’une chute de sa hauteur à point d’impact au niveau du coude gauche. L’examen a trouvé: une limitation de la mobilité du coude et une douleur exquise à la palpation. La radiographie a montré: Quel traitement proposez-vous?",Réponse Réduction par manœuvre externe. Avec mise en place d’un plâtre brachio-anté-brachio-palmaire en pronation.,Le traitement des fractures du col radial se fait comme suit: grade 1: plâtre brachio-anté-brachio-palmaire en pronation pendant 3 semaines grade 2: réduction orthopédique et immobilisation par plâtre brachio-anté-brachio-palmaire pendant 4 à 6 semaines en pronation (après réduction il faut que la pronation et la supination soient toutes les 2 > 50°) grade 3: essai de réduction fermée. Si échec un embrochage selon METAIZEAU est indiqué. grade 4: embrochage selon METAIZEAU,Thèse N°55-18 (FMP Marrakech) — Fractures du membre supérieur de l'enfant,BoardReview CaseBasedLearning Mechanism::Chute NonOperativeManagement Orthopedics Pediatrics Region::Coude SurgicalManagement Topic::ColRadius Traumatology UpperExtremity
"Traumatisme fermé du coude droit, chez un enfant de 13ans, suite à une chute de sa hauteur. L’examen a trouvé un coude tuméfié avec une douleur exquise à la palpation de la face externe et pas de troubles vasculo-nerveux. La radiographie a montré: Quel est votre diagnostic? [image][image]",Réponse Fracture du col radial droit stade IV selon JUDET.,"La classification selon JUDET : Stade 1 : translation externe pure de quelques milimètres Stade 2 : déplacement latéral <50%, angulation<30° Stade 3 : 30°< angulation<60° Stade 4 : angulation>60°, divisé en deux groupes par METAIZEAU type 4 a: angulation<80° type 4 b: angulation>80° fig3: schéma illustrant les stades de fractures de la tête radiale",Thèse N°55-18 (FMP Marrakech) — Fractures du membre supérieur de l'enfant,BoardReview CaseBasedLearning ClinicalReasoning Imaging Mechanism::Chute Orthopedics Pediatrics Region::Coude Topic::ColRadius Traumatology UpperExtremity
"Traumatisme fermé du coude droit, chez un enfant de 13ans, suite à une chute de sa hauteur. L’examen a trouvé un coude tuméfié avec une douleur exquise à la palpation de la face externe et pas de troubles vasculo-nerveux. La radiographie a montré: Que proposez-vous pour traiter cette lésion?",Réponse Une réduction de la tête radiale par poinçonnage percutané maintenu par un embrochage selon METAIZEAU . [image],,Thèse N°55-18 (FMP Marrakech) — Fractures du membre supérieur de l'enfant,BoardReview CaseBasedLearning Mechanism::Chute Orthopedics Pediatrics Region::Coude SurgicalManagement Topic::ColRadius Traumatology UpperExtremity
"Traumatisme fermé du coude droit, chez un enfant de 13ans, suite à une chute de sa hauteur. L’examen a trouvé un coude tuméfié avec une douleur exquise à la palpation de la face externe et pas de troubles vasculo-nerveux. La radiographie a montré: Quelles complications guettent se type de fracture?",Réponse La nécrose de la tête radiale et la pseudarthrose.,"La vascularisation terminale de la tête radiale lui confère un important taux de séquelles. Notamment la nécrose de la tête radiale et la pseudarthrose. Elles sont favorisées par l’abord chirurgical et l’importance du déplacement initial. Quand le traitement est orthopédique, les cals vicieux constituent la principale complication à redouter. Leur retentissement fonctionnel est variable, mais la limitation de la prono-supination n’est objective qu’à partir de 20° d’inclinaison résiduelle.",Thèse N°55-18 (FMP Marrakech) — Fractures du membre supérieur de l'enfant,BoardReview CaseBasedLearning Complications Mechanism::Chute NonOperativeManagement Orthopedics Pediatrics Region::Coude SurgicalManagement Topic::ColRadius Topic::Pseudarthrose Traumatology UpperExtremity
"Enfant de 10ans, victime d’une chute de sa hauteur, avec réception sur le coude droit, occasionnant chez lui un traumatisme fermé du coude. L’examen a trouvé un coude tuméfié avec des repères conservés et une douleur de la face interne du coude. La radiographie faite, a montré: De quel type de fracture s’agit-il? [image][image]",Réponse Fracture déplacée de l’épitrochlée droite.,"Les fractures de l’épitrochlée sont des fractures fréquentes. Elles représentent 10% des fractures du coude de l’enfant. Elles se produisent au cours de traumatismes en valgus de l'avant bras (pouvant conduire au maximum à une luxation du coude). Le fragment épi-trochléen est arraché par le ligament latéral et par les muscles épi-trochléens qui s'insèrent sur lui et ont tendance à l'attirer vers le bas et à le faire basculer. Le fragment peut s'incarcérer dans l'articulation entre cubitus et trochlée humérale, au moment du bâillement du coude ou de la luxation . fig3: radiographie d'une fracture de l'épitrochlée sans déplacement chez un enfant de 12ans fig4: radiographie d'une fracture de l'épitrochlée avec fragment incarcéré dans l'articulation On peut assister dans les grands déplacements à une compression du nerf cubital . fig5: schéma illustrant le fragment épitrochléen attiré par les muscles épitrochléens Chez le jeune enfant (avant 6 ans) quand le noyau apophysaire n’est pas encore calcifié, on manque d’élément radiologiques pour faire le diagnostic. Ce sont alors les éléments cliniques ( douleur provoquée par la mise en valgus et augmentation du volume de la région épi-trochléenne) qui devront faire suspecter la lésion. Les examens comme l'echographie et l'IRM permettent de faire le diagnostic. L’examen sous anesthésie générale est essentiel. Celui ci nous permet de tester la stabilité dans le plan frontal et de pratiquer des radiographies en valgus.",Thèse N°55-18 (FMP Marrakech) — Fractures du membre supérieur de l'enfant,BoardReview CaseBasedLearning ClinicalReasoning Complications Imaging Mechanism::Chute Orthopedics Pediatrics Region::Coude Topic::EpicondyleMedial Topic::Neurovasculaire Traumatology UpperExtremity
"Enfant de 10ans, victime d’une chute de sa hauteur, avec réception sur le coude droit, occasionnant chez lui un traumatisme fermé du coude. L’examen a trouvé un coude tuméfié avec des repères conservés et une douleur de la face interne du coude. La radiographie faite, a montré: Quelle est sa classification selon WATSON-JONES?","Réponse La classification des fractures de l'épitrochlée la plus utilisée, est celle de WATSON-JONES: Stade I: Fracture peu ou pas déplacée. Stade II: Fracture déplacée, soit en arrière, soit le plus souvent en bas. Stade III: Incarcération de l’épitrochlée dans l’articulation huméro-cubitale. Stade IV: Fracture associée à une luxation du coude.",,Thèse N°55-18 (FMP Marrakech) — Fractures du membre supérieur de l'enfant,BoardReview CaseBasedLearning Mechanism::Chute Orthopedics Pediatrics Region::Coude Topic::EpicondyleMedial Traumatology UpperExtremity
"Enfant de 10ans, victime d’une chute de sa hauteur, avec réception sur le coude droit, occasionnant chez lui un traumatisme fermé du coude. L’examen a trouvé un coude tuméfié avec des repères conservés et une douleur de la face interne du coude. La radiographie faite, a montré: Cette classification néglige un deuxième élément, lequel?",Réponse L’élément négligé est la stabilité de la fracture. Elle est évaluée lors de l’examen en valgus forcé sous anesthésie générale.,"La nouvelle classification des fractures de l'épitrochlée qui est basée sur: La stabilité de la fracture, évaluée lors de l’examen en valgus forcé sous anesthésie générale. Le déplacement observé sur les clichés radiographiques. Cette classification est simple et détermine directement les indications thérapeutiques: 1- En l’absence de luxation: s’il n’y a pas de déplacement, on se borne à un traitement orthopédique, mais en surveillant de près la fracture pour la synthétiser dès l’impression d’un déplacement secondaire. Si la fracture est déplacée, il y aura instabilité frontale, et la fixation chirurgicale s’impose. NB: Le décollement-fracture est mis en évidence en traçant la ligne prolongeant le bord médial de la corticale. En cas de déplacement, le noyau épicondylien passe en dessous de cette ligne . fig6 2- En association avec une luxation du coude: on réduit bien sûr la luxation et l’on teste la stabilité frontale. Si l’épitrochlée est revenue en position anatomique et si le coude est stable, on peut se limiter à un traitement orthopédique. Si en revanche, l’épitrochlée ne revient pas en bonne position, qu’elle soit incarcérée ou non, la fixation chirurgicale est là encore nécessaire.",Thèse N°55-18 (FMP Marrakech) — Fractures du membre supérieur de l'enfant,BoardReview CaseBasedLearning Imaging Mechanism::Chute NonOperativeManagement Orthopedics Pediatrics Region::Coude SurgicalManagement Topic::EpicondyleMedial Traumatology UpperExtremity
"Enfant de 10ans, victime d’une chute de sa hauteur, avec réception sur le coude droit, occasionnant chez lui un traumatisme fermé du coude. L’examen a trouvé un coude tuméfié avec des repères conservés et une douleur de la face interne du coude. La radiographie faite, a montré: Quel traitement peut être utilisé?",Réponse Abord chirurgical avec réduction et embrochage divergent par 2 broches de Kirchner (après protection du nerf ulnaire) fig7 [image][image],,Thèse N°55-18 (FMP Marrakech) — Fractures du membre supérieur de l'enfant,BoardReview CaseBasedLearning Complications Mechanism::Chute Orthopedics Pediatrics Region::Coude SurgicalManagement Topic::EpicondyleMedial Topic::Neurovasculaire Traumatology UpperExtremity
"Traumatisme fermé du coude droit, chez un enfant de 14ans, suite à une chute de sa hauteur. L’examen a trouvé un élargissement antéro-postérieur du coude, une limitation de la flexion, une douleur exquise à la palpation, une perturbation des repères anatomiques du coude et une absence de troubles vasculo-nerveux. Cliniquement, quel diagnostic évoquez-vous en premier? [image][image][image][image]","Réponse La perturbation des repères anatomique du coude oriente en premier, vers une luxation postérieure du coude droit.","La luxation du coude est de loin la plus fréquente des luxations chez l’enfant. Sa réduction est simple si elle est faite rapidement et elle ne donne pas de séquelles à distance dans les formes isolées. Le plus souvent, elle fait suite à un traumatisme indirect l’enfant tombant sur la paume de la main, dans une position de l’avant-bras qui détermine le type de luxation et les éventuelles lésions associées. l’hyper-extension provoque des lésions internes, alors que la flexion entraîne plutôt des lésions externes. Les luxations les plus fréquentes sont postérieures dans 1/3 des cas, ou postéro-latérales externes dans 2/3 des cas. A l’examen clinique, son diagnostic repose sur la perte des repères anatomiques du coude . fig1: schéma illustrant les repères anatomiques du coude en flexion et en extension En arrière trois repères osseux sont palpables: externe: épicondyle médian: olécrane interne: épi-trochlée Ces repères dessinent une ligne droite en extension et un triangle en flexion à 90°.",Thèse N°55-18 (FMP Marrakech) — Fractures du membre supérieur de l'enfant,BoardReview CaseBasedLearning ClinicalReasoning Complications Imaging Mechanism::Chute Orthopedics Pediatrics Region::Coude Topic::Olecrane Traumatology UpperExtremity
"Traumatisme fermé du coude droit, chez un enfant de 14ans, suite à une chute de sa hauteur. L’examen a trouvé un élargissement antéro-postérieur du coude, une limitation de la flexion, une douleur exquise à la palpation, une perturbation des repères anatomiques du coude et une absence de troubles vasculo-nerveux. Interprétez la radiographie suivante: , [image][image][image][image]",Réponse Luxation postérieure du coude droit associé à une fracture de l’épitrochlée qui est intra-articulaire.,"Les fractures de l’épitrochlée sont associées à une luxation du coude dans au moins un tiers des cas et leur traitement dépend de la stabilité de la fracture après réduction de la luxation. Par ailleurs, l’incarcération de l’épitrochlée peut être une cause d’irréductibilité si elle est passée inaperçue au départ, en sachant que la lésion du nerf cubital qui peut en résulter, est alors une complication iatrogène.",Thèse N°55-18 (FMP Marrakech) — Fractures du membre supérieur de l'enfant,BoardReview CaseBasedLearning ClinicalReasoning Complications Imaging Mechanism::Chute Orthopedics Pediatrics Region::Coude Topic::EpicondyleMedial Topic::Neurovasculaire Traumatology UpperExtremity
"Traumatisme fermé du coude droit, chez un enfant de 14ans, suite à une chute de sa hauteur. L’examen a trouvé un élargissement antéro-postérieur du coude, une limitation de la flexion, une douleur exquise à la palpation, une perturbation des repères anatomiques du coude et une absence de troubles vasculo-nerveux. Quel traitement proposez-vous?",Réponse Réduction sous anesthésie générale et testing de la stabilité du coude sur le plan frontal. Dans notre cas l'épitrochlée est revenue à sa place. Le maintient se fait par plâtre brachio-antébrachio-palmaire pendant 3 semaines. Il se fait en pronation afin de relacher les muscles épitrochléens.,"Le fragment épi-trochléen est arraché par le ligament latéral et par les muscles épi-trochléens qui s'insèrent sur lui et ont tendance à l'attirer vers le bas et à le faire basculer . fig7: radiographie d'une fracture de l'épitrochlée sans déplacement chez un enfant de 12ans fig8: radiographie d'une fracture de l'épitrochlée avec fragment incarcéré dans l'articulation Le fragment peut s'incarcérer dans l'articulation entre cubitus et trochlée humérale, au moment du bâillement du coude ou de la luxation. On peut assister dans les grands déplacements à une compression du nerf cubital . fig9: schéma illustrant le fragment épi-trochléen attiré par les muscles épi-trochléens Chez le jeune enfant (avant 6 ans) quand le noyau apophysaire n’est pas encore calcifié, on manque d’élément radiologiques pour faire le diagnostic. Ce sont alors les éléments cliniques ( douleur provoquée par la mise en valgus et augmentation du volume de la région épi-trochléenne) qui devront faire suspecter la lésion. Les examens comme l'echographie et l'IRM permettent de faire le diagnostic. L’examen sous anesthésie générale est essentiel. Celui ci nous permet de tester la stabilité dans le plan frontal et de pratiquer des radiographies en valgus.",Thèse N°55-18 (FMP Marrakech) — Fractures du membre supérieur de l'enfant,BoardReview CaseBasedLearning ClinicalReasoning Complications Imaging Mechanism::Chute NonOperativeManagement Orthopedics Pediatrics Region::Coude Topic::EpicondyleMedial Topic::Neurovasculaire Traumatology UpperExtremity
"Enfant de 8 ans, victime d’une chute de sa hauteur avec réception sur la paume de la main droite avec coude en hyper-extension, 2 jours avant son admission. L’examen a trouvé: une déformation du coude droit sans lésion cutanée une ecchymose en regard et une douleur exquise à la palpation une impotence fonctionnelle totale un examen vasculo-nerveux sans anomalie. La radiographie a montré (fig1,fig2): Quel est votre diagnostic? [image][image]",Réponse Fracture de l’olécrane.,La fracture de l’olécrane est relativement rare (5% des fractures du coude). Elle est dans la moitié des cas associée à d’autres fractures. Le plus souvent c’est des fractures du col du radius ou du condyle externe. La classification selon le déplacement peut se faire en 3 stades: Stade 0: non déplacées Stade I: déplacement ≤ 2 mm Stade II: déplacement> 2mm,Thèse N°55-18 (FMP Marrakech) — Fractures du membre supérieur de l'enfant,BoardReview CaseBasedLearning ClinicalReasoning Imaging Mechanism::Chute Orthopedics Pediatrics Region::Coude Topic::ColRadius Topic::CondyleLateral Topic::Olecrane Traumatology UpperExtremity
"Enfant de 8 ans, victime d’une chute de sa hauteur avec réception sur la paume de la main droite avec coude en hyper-extension, 2 jours avant son admission. L’examen a trouvé: une déformation du coude droit sans lésion cutanée une ecchymose en regard et une douleur exquise à la palpation une impotence fonctionnelle totale un examen vasculo-nerveux sans anomalie. La radiographie a montré (fig1,fig2): Est-ce une indication à une réduction orthopédique? Justifiez votre réponse?","Réponse Oui, il s’agit d’une fracture de l’olécrane non déplacée.","Le traitement repose sur l'immobilisation plâtrée, pendant 3 à 6 semaines, dans les formes non déplacées. Par contre, il est nécessaire de réduire toute fracture articulaire déplacée, modifiant la forme de la cavité sigmoïde. Si le déplacement est supérieur à 2mm, le traitement se fait par brochage haubanage.",Thèse N°55-18 (FMP Marrakech) — Fractures du membre supérieur de l'enfant,BoardReview CaseBasedLearning Mechanism::Chute NonOperativeManagement Orthopedics Pediatrics Region::Coude Topic::Olecrane Traumatology UpperExtremity
"Traumatisme fermé de l’avant-bras gauche, chez un enfant de 10 ans, suite à une chute d’un mètre de hauteur. L’examen a trouvé un coude tuméfié, une douleur exquise à la palpation de l’avant-bras et à la mobilisation et une absence de troubles vasculo-nerveux. La radiographie a montré: Quel est votre diagnostic? [image][image]",Réponse Fracture articulaire de l’olécrane droit déplacée.,,Thèse N°55-18 (FMP Marrakech) — Fractures du membre supérieur de l'enfant,BoardReview CaseBasedLearning ClinicalReasoning Imaging Mechanism::Chute Orthopedics Pediatrics Region::Coude Topic::Olecrane Traumatology UpperExtremity
"Traumatisme fermé de l’avant-bras gauche, chez un enfant de 10 ans, suite à une chute d’un mètre de hauteur. L’examen a trouvé un coude tuméfié, une douleur exquise à la palpation de l’avant-bras et à la mobilisation et une absence de troubles vasculo-nerveux. La radiographie a montré: Quelle est votre attitude thérapeutique?",Réponse Réduction chirurgicale à ciel ouvert avec embrochage par 2 broches avec haubanage par un fil d’acier . fig3 [image][image],"Le traitement repose sur l'immobilisation plâtrée, pendant 3 à 6 semaines, dans les formes non déplacées. Par contre, il est nécessaire de réduire toute fracture articulaire déplacée, modifiant la forme de la cavité sigmoïde. Si le déplacement est supérieur à 2mm, le traitement se fait par brochage haubanage.",Thèse N°55-18 (FMP Marrakech) — Fractures du membre supérieur de l'enfant,BoardReview CaseBasedLearning Mechanism::Chute NonOperativeManagement Orthopedics Pediatrics Region::Coude SurgicalManagement Topic::Olecrane Traumatology UpperExtremity
"Enfant de 13ans , victime d’une chute de 0,5m de hauteur avec réception sur la paume de la main droite. L’examen a trouvé une impotence fonctionnelle du membre supérieure droit, une déformation de l’avant-bras, une tuméfaction du coude et une absence de troubles vasculo-nerveux. Quel bilan radiographique doit être demandé?",Réponse Une radiographie de l’avant-bras droit prenant coude et poignet.,,Thèse N°55-18 (FMP Marrakech) — Fractures du membre supérieur de l'enfant,BoardReview CaseBasedLearning Imaging Mechanism::Chute Orthopedics Pediatrics Region::Coude Traumatology UpperExtremity
"Enfant de 13ans , victime d’une chute de 0,5m de hauteur avec réception sur la paume de la main droite. L’examen a trouvé une impotence fonctionnelle du membre supérieure droit, une déformation de l’avant-bras, une tuméfaction du coude et une absence de troubles vasculo-nerveux. Interprétez la radiographie suivante: [image][image]",Réponse Fracture déplacée du membre supérieur droit du tiers supérieur de l’ulna associé à une luxation de la tête radiale = lésion de MONTEGGIA. fig3 [image][image],La lésion de MONTEGGIA représente 2% des fractures de l’avant bras de l’enfant. Le piège de cette lésion est la méconnaissance de la luxation de la tête radiale. Par conséquent la construction de STOREN doit être faite systématiquement. La lésion de MONTEGGIA se décompose en trois groupes selon la classification de TRILLAT: Groupe I: luxation de la tête radiale quel que soit son déplacement avec fracture diaphysaire du cubitus Groupe II: luxation de la tête radiale quel que soit son déplacement avec fracture métaphyso-épiphysaire du cubitus Groupe III: luxation de la tête radiale quel que soit son déplacement avec fracture du cubitus(quel que soit son siège) et avec une fracture de l’humérus ou du radius ( fracture complète de la tête ou de la diaphyse) ou fracture du poignet.,Thèse N°55-18 (FMP Marrakech) — Fractures du membre supérieur de l'enfant,BoardReview CaseBasedLearning ClinicalReasoning GrowthPlate Imaging Mechanism::Chute Orthopedics Pediatrics Region::Coude SalterHarris Topic::ColRadius Topic::DecollementEpiphysaire Topic::Monteggia Traumatology UpperExtremity
"Enfant de 13ans , victime d’une chute de 0,5m de hauteur avec réception sur la paume de la main droite. L’examen a trouvé une impotence fonctionnelle du membre supérieure droit, une déformation de l’avant-bras, une tuméfaction du coude et une absence de troubles vasculo-nerveux. Rappelez la construction de STOREN, et quelle est son intérêt?","Réponse La construction de STOREN: Sur une radio du coude de face et de profil, l’axe longitudinal du radius doit toujours passer par le centre du point condylien externe de l’humérus, quel que soit le degré de flexion du coude. Elle permet ainsi, de chercher une luxation de la tête radiale . fig5 [image][image]",,Thèse N°55-18 (FMP Marrakech) — Fractures du membre supérieur de l'enfant,BoardReview CaseBasedLearning Mechanism::Chute Orthopedics Pediatrics Region::Coude Topic::ColRadius Traumatology UpperExtremity
"Enfant de 13ans , victime d’une chute de 0,5m de hauteur avec réception sur la paume de la main droite. L’examen a trouvé une impotence fonctionnelle du membre supérieure droit, une déformation de l’avant-bras, une tuméfaction du coude et une absence de troubles vasculo-nerveux. Choisissez la ou les propositions exactes:",Réponse A B D Service de traumato-orthopédie pédiatrique Réalisation: S.M. BOUKILI Rapporteur: EM. AGHOUTANE Président: R. EL FIZZAZI,"90% des lésions MONTEGGIA sont accessibles au traitement orthopédique. Quel que soit le type de lésion récente, la réduction du cubitus est primordiale. Une fois la fracture du cubitus réduite, la tête radiale doit revenir spontanément en place. Il faut alors, d’une part, tester la réduction et la stabilité du cubitus, d’autre part, tester celles de la tête radiale. Le traitement sera alors orthopédique pur, si les deux lésions sont réduites et stables. Ailleurs l’ostéosynthèse du cubitus et l’abord de la tête radiale seront nécessaires.",Thèse N°55-18 (FMP Marrakech) — Fractures du membre supérieur de l'enfant,BoardReview CaseBasedLearning Mechanism::Chute NonOperativeManagement Orthopedics Pediatrics Region::Coude SurgicalManagement Topic::ColRadius Topic::Monteggia Traumatology UpperExtremity
"Enfant de 13ans , victime d’une chute de 0,5m de hauteur avec réception sur la paume de la main droite. L’examen a trouvé une impotence fonctionnelle du membre supérieure droit, une déformation de l’avant-bras, une tuméfaction du coude et une absence de troubles vasculo-nerveux. Quel traitment proposez-vous?",Réponse Réduction avec embrochage percutané descendant par une broche de Kirschner avec mise en place d'un plâtre brachio-antébrachio-palmaire. [image],,Thèse N°55-18 (FMP Marrakech) — Fractures du membre supérieur de l'enfant,BoardReview CaseBasedLearning Mechanism::Chute NonOperativeManagement Orthopedics Pediatrics Region::Coude SurgicalManagement Traumatology UpperExtremity
"Enfant de 3ans, est admis 14h après un traumatisme fermé du coude gauche, survenue après une chute de sa hauteur. 10H après l’application de Jbira, l’examen a trouvé: Jbira très serrée et une tuméfaction étendue du membre supérieur gauche limité à mi-bras. Quel est votre diagnostic? [image]",Réponse Syndrome de loge de l'avant-bras gauche sur Jbira,"Les syndromes de loges regroupent plusieurs tableaux dont le point commun est l’augmentation de la pression à l’intérieur d’un compartiment fermé perturbant la fonction et la viabilité des tissus contenus dans ce compartiment. Deux mécanismes d’élévation de la pression sont individualisables : La diminution du contenant induit une diminution du volume de la loge musculaire et correspond essentiellement aux bandages et aux plâtres trop serrés ou aux compressions prolongées. L’ augmentation du contenu correspondent à l’œdème lié à l’ischémie ou à un hématome. Le syndrome de loge aigu correspond aux symptômes aiguës accompagnant l’augmentation pathologique brutale de la pression intra-musculaire. Le mécanisme du syndrome aiguë de loge associe dans un cercle vicieux et auto-entretenu la baisse de la vascularisation tissulaire et l’augmentation de la pression intra-musculaire. A partir de 30mm de mercure le flux tissulaire peut être totalement interrompu. La souffrance musculaire secondaire entraîne elle-même un œdème accentuant l’ischémie. fig1: schéma illustrant le cercle vicieux du syndrome de loge Dans le cas d’un syndrome aiguë de loge l’examen clinique doit être précoce et rigoureux : La douleur est le symptôme au premier plan, siégeant au niveau de la loge lésée sous forme de tension et de crampe, très intense voire extrême par rapport au mécanisme causal, résistant aux antalgiques et aux changements de position. La douleur est augmentée par la surélévation du membre à la différence de celle liée à l’œdème post-traumatique. La douleur est exacerbée par l’extension passive du poignet et des doigts. Le déficit de sensibilité dans le territoire du nerf passant par la loge souffrante est un signe précoce et fiable. La palpation de la loge montre qu’elle est tendue ; les muscles ont perdu leur force. Un déficit moteur est un signe supplémentaire tardif comme la disparition des pouls distaux qui sont des signes d’ischémie qu’il ne faut attendre. L’interrogatoire est fondamental pour rechercher une cause contextuelle favorisante et en particulier les traumatismes des membres fermés, immobilisés par plâtre ou pansement compressif, les interventions pour ostéosynthèse à foyer fermé, les compressions prolongées en état d’inconscience.",Thèse N°55-18 (FMP Marrakech) — Fractures du membre supérieur de l'enfant,BoardReview CaseBasedLearning ClinicalReasoning Complications Imaging Mechanism::Chute NonOperativeManagement Orthopedics Pediatrics Region::Coude SurgicalManagement Topic::Neurovasculaire Topic::SyndromeDeLoge Traumatology UpperExtremity
"Enfant de 3ans, est admis 14h après un traumatisme fermé du coude gauche, survenue après une chute de sa hauteur. 10H après l’application de Jbira, l’examen a trouvé: Jbira très serrée et une tuméfaction étendue du membre supérieur gauche limité à mi-bras. Quel geste urgent devez-vous faire?","Réponse Il faut faire une ablation de Jbira, et s'il n'y a pas régression rapide des signes cliniques une aponévrotomie s'impose en urgence","Le traitement du syndrome de loge aigu : Avant tout supprimer l’élément compressif, c’est à dire plâtre ou pansement. L’aponévrotomie et l’ouverture des périmysiums est l’étape suivante. Le diagnostic est facilement confirmé lorsque les masses musculaires jaillissent à travers l’incision. Le rapprochement cutané immédiat est formellement contre-indiqué pour éviter toute récidive. Le parage musculaire ne doit jamais être réalisé en urgence car l’absence de saignement et l’aspect sont de mauvais éléments d’appréciation ; les capacités de régénération sont très importantes. En cas de surinfection locale, l’excision doit être très prudente, à la curette pour protéger nerfs et vaisseaux. La fermeture cutanée ultérieure ne doit pas être envisagée avant le 5-6e jour par décollement cutané prudent et/ou greffe de peau mince. La prévention des raideurs articulaires repose sur la rééducation immédiate.",Thèse N°55-18 (FMP Marrakech) — Fractures du membre supérieur de l'enfant,BoardReview CaseBasedLearning ClinicalReasoning Complications Imaging Mechanism::Chute NonOperativeManagement Orthopedics Pediatrics Region::Coude Topic::SyndromeDeLoge Traumatology UpperExtremity
"Enfant de 3ans, est admis 14h après un traumatisme fermé du coude gauche, survenue après une chute de sa hauteur. 10H après l’application de Jbira, l’examen a trouvé: Jbira très serrée et une tuméfaction étendue du membre supérieur gauche limité à mi-bras. Quel est votre diagnostic? [image]",Réponse Fracture du condyle externe gauche stade I [image],,Thèse N°55-18 (FMP Marrakech) — Fractures du membre supérieur de l'enfant,BoardReview CaseBasedLearning ClinicalReasoning Complications Imaging Mechanism::Chute Orthopedics Pediatrics Region::Coude Topic::CondyleLateral Topic::SyndromeDeLoge Traumatology UpperExtremity
"Enfant de 3ans, est admis 14h après un traumatisme fermé du coude gauche, survenue après une chute de sa hauteur. 10H après l’application de Jbira, l’examen a trouvé: Jbira très serrée et une tuméfaction étendue du membre supérieur gauche limité à mi-bras. Quelle est votre conduite à tenir?",Réponse Hospitalisation Mise en place d’une attelle Anti inflammatoire par voie intra-veineuse Surélévation de la main Traitement orthopédique après tarissement de l’œdème.,,Thèse N°55-18 (FMP Marrakech) — Fractures du membre supérieur de l'enfant,BoardReview CaseBasedLearning Complications Mechanism::Chute NonOperativeManagement Orthopedics Pediatrics Region::Coude Topic::SyndromeDeLoge Traumatology UpperExtremity
"Traumatisme fermé de l’avant bras gauche, chez un enfant de 6 ans, victime d’une chute de 0.5m de hauteur. L’examen a trouvé une déformation de l’avant bras avec douleur à la palpation sans ecchymose ni lésion cutané. La radiographie a montré: (fig1, fig2) 1. Quel est votre diagnostic? R1 C1 2. La lésion radiale présente quel type de fracture? R2 3. Quel traitement proposez-vous? R3 C3 4. Quelle complication redoutez-vous? R4 C4 Réf Quel est votre diagnostic? [image][image]",Réponse Fracture diaphysaire des deux os de l’avant bras gauche. L’une intéressant le 1/4 inférieur du cubitus avec angulation et l’autre intéressant la jonction 1/3 moyen 1/3 inférieur.,"Les fractures des deux os de l’avant-bras représentent 5% des fractures de l’enfant. Elles illustrent les caractéristiques de l’os infantile. 3 types de fractures peuvent se voir: -la fracture plastiques -la fracture en bois-vert -la fracture complète Il faut distinguer entre les fractures diaphysaires qui sont particulières par leur lenteur de consolidation et leurs conséquences sur les courbures des deux os, les fractures métaphysaires et les fractures intéressant la physe et l’épiphyse avec leur risque sur la croissance. .",Thèse N°55-18 (FMP Marrakech) — Fractures du membre supérieur de l'enfant,CaseBasedLearning ClinicalReasoning Complications Imaging Mechanism::Chute Orthopedics Pediatrics Region::AvantBras Topic::BoisVert Traumatology UpperExtremity
"Traumatisme fermé de l’avant bras gauche, chez un enfant de 6 ans, victime d’une chute de 0.5m de hauteur. L’examen a trouvé une déformation de l’avant bras avec douleur à la palpation sans ecchymose ni lésion cutané. La radiographie a montré: (fig1, fig2) 1. Quel est votre diagnostic? R1 C1 2. La lésion radiale présente quel type de fracture? R2 3. Quel traitement proposez-vous? R3 C3 4. Quelle complication redoutez-vous? R4 C4 Réf La lésion radiale présente quel type de fracture?",Réponse C’est une fracture en bois-vert car elle est uni-corticale avec angulation.,,Thèse N°55-18 (FMP Marrakech) — Fractures du membre supérieur de l'enfant,CaseBasedLearning Mechanism::Chute Orthopedics Pediatrics Region::AvantBras Topic::BoisVert Traumatology UpperExtremity
"Traumatisme fermé de l’avant bras gauche, chez un enfant de 6 ans, victime d’une chute de 0.5m de hauteur. L’examen a trouvé une déformation de l’avant bras avec douleur à la palpation sans ecchymose ni lésion cutané. La radiographie a montré: (fig1, fig2) 1. Quel est votre diagnostic? R1 C1 2. La lésion radiale présente quel type de fracture? R2 3. Quel traitement proposez-vous? R3 C3 4. Quelle complication redoutez-vous? R4 C4 Réf Quel traitement proposez-vous?","Réponse Réduction orthopédique, sous anesthésie générale, maintenue par un plâtre brachio-anté-brachio-palmaire. [image]","Le traitement orthopédique est le plus souvent indiqué dans les fractures des deux os de l’avant-bras de l’enfant. En effet, la nécessité d’un alignement anatomique quasi parfait n’est pas toujours nécessaire du fait des propriétés de remodelage inhérentes à l’os en croissance de l’enfant. La réduction se fait sous anesthésie générale et sous contrôle scopique. Le remodelage intervient par croissance asymétrique au niveau de la plaque épiphysaire. Trois facteurs l’influencent: l’âge de l’enfant: les fractures de l’avant-bras avant 8ans laissent rarement une angulation importante, après 13ans il est déraaisonnable d’espérer une correction. Entre les deux la correction est largement imprévisible. La distance de la fracture à la métaphyse: plus la fracture est distale plus grand est le potentiel de correction. Plus elle est proximal plus la probabilité de la persistance d’un cal vicieux est grande. l’importance de la déformation: on considère que le remodelage est excellent pour un angle de moins de 30° à 6ans et de moins de 15° à 10ans, mais la grande variabilité des corrections incite à la prudence. La sécurité est de recommander la correction des déformations angulaires supérieures à 10° au-delà de 10ans. En cas de fracture en bois-vert, le déplacement est essentiellement angulaire. La réduction par pression sur le sommet de la déformation sera douce en cherchant à obtenir une hypercorrection par rupture de la corticale concave et en veillant à ne pas rompre les attaches périostées. Ceci permet d'éviter les déplacements secondaires et les fractures itératives En cas de fracture complète, le déplacement est généralement angulaire avec chevauchement et déplacement rotatoire. Celui ci associe la rotation initiale imposée par le traumatisme et la rotation secondaire due à la traction des muscles sur leurs insertions osseuses. La réduction est obtenue par une traction dans l’axe de l’avant bras avec une contre traction sur le bras. Elle réduit facilement le déplacement angulaire, le chevauchement et le décalage La réduction est maintenue par un plâtre brachio-anté-brachio-palmaire, moulant au maximum le membre fracturé pour éviter les déplacements secondaires. Cette immobilisation sera suivie par un contrôle radiologique immédiat et une surveillance clinique basés sur : * La surveillance de la chaleur, la coloration, le pouls capillaire de la main et des doigts, ainsi que la motricité et la sensibilité des doigts. Le risque d’un syndrome de loge est la principale crainte. Celui-ci doit être évoqué devant toute douleur à l'extension passive ou active des doigts * Le contrôle radiologique à J8, J15 et J21, à la recherche d’un déplacement secondaire sous plâtre.",Thèse N°55-18 (FMP Marrakech) — Fractures du membre supérieur de l'enfant,CaseBasedLearning Complications GrowthPlate Mechanism::Chute NonOperativeManagement Orthopedics Pediatrics Region::AvantBras SalterHarris SurgicalManagement Topic::BoisVert Topic::CalVicieux Topic::DecollementEpiphysaire Topic::SyndromeDeLoge Traumatology UpperExtremity
"Traumatisme fermé de l’avant bras gauche, chez un enfant de 6 ans, victime d’une chute de 0.5m de hauteur. L’examen a trouvé une déformation de l’avant bras avec douleur à la palpation sans ecchymose ni lésion cutané. La radiographie a montré: (fig1, fig2) 1. Quel est votre diagnostic? R1 C1 2. La lésion radiale présente quel type de fracture? R2 3. Quel traitement proposez-vous? R3 C3 4. Quelle complication redoutez-vous? R4 C4 Réf Quelle complication redoutez-vous?",Réponse On craint la survenue d'un syndrome de loge.,,Thèse N°55-18 (FMP Marrakech) — Fractures du membre supérieur de l'enfant,CaseBasedLearning Complications Mechanism::Chute Orthopedics Pediatrics Region::AvantBras Topic::SyndromeDeLoge Traumatology UpperExtremity
"Traumatise fermé de l’avant-bras droit, chez un enfant de 14 ans, victime d’un accident de sport. L’examen clinique a trouvé une déformation du 1/3 moyen de l’avant-bras, sans aucun trouble vasculo-nerveux en aval. La radiographie de l’avant-bras a montré: Interprétez la radiographie ? [image][image]",Réponse Fracture en bois-vert déplacée de la diaphyse des deux os de l’avant-bras droit.,"Les fractures des deux os de l’avant-bras représentent 5% des fractures de l’enfant. Elles illustrent les caractéristiques de l’os infantile. 3 types de fractures peuvent se voir: -la fracture plastiques -la fracture en bois-vert -la fracture complète Il faut distinguer entre les fractures diaphysaires qui sont particulières par leur lenteur de consolidation et leurs conséquences sur les courbures des deux os, les fractures métaphysaires et les fractures intéressant la physe et l’épiphyse avec leur risque sur la croissance.",Thèse N°55-18 (FMP Marrakech) — Fractures du membre supérieur de l'enfant,CaseBasedLearning ClinicalReasoning Complications Imaging Mechanism::Sport Orthopedics Pediatrics Region::AvantBras Topic::BoisVert Traumatology UpperExtremity
"Traumatise fermé de l’avant-bras droit, chez un enfant de 14 ans, victime d’un accident de sport. L’examen clinique a trouvé une déformation du 1/3 moyen de l’avant-bras, sans aucun trouble vasculo-nerveux en aval. La radiographie de l’avant-bras a montré: Quel traitement proposez-vous ?",Réponse Réduction orthopédique avec embrochage percutané sous scope; antérograde du cubitus et rétrograde du radius. . fig3 [image][image],"Le traitement chirurgical est un traitement d’exeption dans les fractures des deux os de l’avant-bras. L'embrochage percutané soit par broches de Kirschner stable ou par broches de Métaizeau. ces dernières gardent une supériorité par rapport aux précédentes, car par leur élasticité leur lontage est plus stable et aucune mobilisation ne saurait les déplacer.",Thèse N°55-18 (FMP Marrakech) — Fractures du membre supérieur de l'enfant,CaseBasedLearning Mechanism::Sport NonOperativeManagement Orthopedics Pediatrics Region::AvantBras SurgicalManagement Topic::BoisVert Traumatology UpperExtremity
"Enfant de 3ans, victime 3 mois avant son admission d’une fracture fermée de l’avant-bras gauche, traitée par plâtre brachio-anté-brachio-palmaire pendant 6 semaines. À l’ablation du plâtre, l’examen a trouvé une persistance d’une angulation de l’avant-bras, un poignet en flexion, un pouce en flexion-adduction, des métacarpo-phalangiennes en extension et des inter-phalangiennes proximales et distales en flexion. La radiographie a montré: Quel est votre diagnostic? [image]",Réponse Syndrome de Volkman sur une fracture des deux os de l’avant-bras gauche,"Le syndrome de Volkman: Il se définit comme l’association d’une rétraction des muscles de la loge antérieure de l’avant-bras à une paralysie +/- étendue des muscles de la main Il s’agit d’une conséquence d’ischémie intéressant les différents tissus, notamment, les masses musculaires de l’avant-bras et bien souvent des nerfs médian et ulnaire Ces lésions musculaires et ce déficit nerveux s’associent pour créer une main paralytique Après la phase aiguë, correspondant au syndrome de loges, deux symptômes sont objectivés: la rétraction musculaire et la paralysie. Alors qu’il y a régression des douleurs et recoloration des doigts. Le traitement du syndrome de Volkman reste palliatif. fig2",Thèse N°55-18 (FMP Marrakech) — Fractures du membre supérieur de l'enfant,CaseBasedLearning ClinicalReasoning Complications Imaging NonOperativeManagement Orthopedics Pediatrics Region::AvantBras Topic::Neurovasculaire Topic::SyndromeDeLoge Traumatology UpperExtremity
"Enfant de 3ans, victime 3 mois avant son admission d’une fracture fermée de l’avant-bras gauche, traitée par plâtre brachio-anté-brachio-palmaire pendant 6 semaines. À l’ablation du plâtre, l’examen a trouvé une persistance d’une angulation de l’avant-bras, un poignet en flexion, un pouce en flexion-adduction, des métacarpo-phalangiennes en extension et des inter-phalangiennes proximales et distales en flexion. La radiographie a montré: Comment prévenir le syndrome de Volkman?",Réponse Les régles à suivre pour la prévention d'un syndrome de Volkman sont: la confection d’un plâtre non compressif avertir le patient des complications potentielles d’une immobilisation plâtrée insister pour que le patient garde le membre en surélévation assurer une surveillance rapprochée les deux premiers jours de la pose du plâtre expliquer les symptômes d’un syndrome de loge aigu insister pour que le patient consulte en urgence en cas de douleurs augmentant progressivement,"La rétraction du syndrome de Volkman se constitue très rapidement, parfois, malgré le traitement d’urgence. Elle est décrite comme suit: Constitution de la griffe du poignet et des doigts due à la rétraction musculaire des éléments de la loge antérieure (pronateurs, fléchisseurs du poignet, fléchisseurs des doigts) L’avant-bras est en pronation, poignet en flexion, griffe digitale (métacarpo-phalangiennes en extension, inter-phalangiennes proximales et distales en flexion) et pouce en adduction Atteinte neurologique : médio-ulnaire, le plus souvent médian, situé au centre de la zone ischémique et traversant des carrefours étroits (canal carpien et coude). Il s’agit d’une atteinte motrice touchant l’opposition et une hypoesthésie dans le territoire concerné Troubles circulatoires et trophiques : main froide, troubles sudoraux, fente des tissus sous cutanés, amyotrophie, peau mince, ongles secs et cassants, ulcération distale des doigts et arrêt de la croissance osseuse L’évolution est variable selon l’étendue de l’ischémie et du degré d’atteinte des nerfs La phase de séquelles est constituée définitivement au bout de 9 mois. La rétraction est fixée par l’organisation fibreuse, existence ou non d’atteinte nerveuse périphérique, lésion cutanée et trophique, déformation ostéo-articulaire. Le traitement du syndrome de Volkmann à ce stade reste palliatif.",Thèse N°55-18 (FMP Marrakech) — Fractures du membre supérieur de l'enfant,CaseBasedLearning Complications NonOperativeManagement Orthopedics Pediatrics Region::AvantBras Topic::Neurovasculaire Topic::SyndromeDeLoge Traumatology UpperExtremity
"Traumatisme fermé du poignet, chez un enfant de 12 ans, suite à une chute de sa hauteur sur la paume de la main. L’examen a trouvé une impotence fonctionnelle du membre supérieur gauche, une déformation du poignet et une douleur à la palpation de l’extrémité distale du radius. La radiographie du poignet a montré: Quel est votre diagnostic? [image][image]",Réponse Fracture-décollement épiphysaire de l’extrémité inférieur du radius SALTER I [image],"Les fractures du 1/4 distale de l’avant-bras représentent le 1/3 des fractures des membres de l’enfant. 20% intéressent le cartilage de croissance et sont des décollement épiphysaires de radius. 40% de ces fractures atteignent les deux os. 40% n’atteignent qu’un seul os, en règle général le radius. Leur mécanisme est le plus souvent indirect par chute sur le poignet. La recherche d’autres lésions associées est impératives. Contrairement à l’adulte, les fractures du 1/4 inférieur des deux os de l’avant-bras chez l’enfant sont très stéréotypées et peuvent être classées de façon simple. Cette classification tient compte du trait de fracture et comporte 5 catégories: les fractures du radius n’intéressant pas le cartilage conjugal, associées ou non à une fracture du cubitus. Les fractures décollement épiphysaire du radius, associées ou non à une fracture du cubitus. Les fractures intermédiaires (associant les deux catégories précédentes) les fractures isolées du cubitus. Les fractures épiphysaires isolées. Par ailleurs, les fractures-décollements épiphysaires sont classées selon SALTER et HARRIS comme suit: type I: décollement épiphysaire pur type II: décollement épiphysaire avec fracture métaphysaire type III: décollement-fracture épiphysaire type IV: fracture épiphysio-métaphysaire type V: écrasement du cartilage de croissance fig4",Thèse N°55-18 (FMP Marrakech) — Fractures du membre supérieur de l'enfant,CaseBasedLearning ClinicalReasoning GrowthPlate Imaging Mechanism::Chute Orthopedics Pediatrics Region::Poignet SalterHarris Topic::DecollementEpiphysaire Traumatology UpperExtremity
"Traumatisme fermé du poignet, chez un enfant de 12 ans, suite à une chute de sa hauteur sur la paume de la main. L’examen a trouvé une impotence fonctionnelle du membre supérieur gauche, une déformation du poignet et une douleur à la palpation de l’extrémité distale du radius. La radiographie du poignet a montré: Quel traitement préconisez-vous?","Réponse Réduction orthopédique, maintenue par un plâtre brachio-anté-brachio-palmaire poignet en flexion prono-supination neutre et coude fléchit à 90°. Le plâtre sera redressé après 3 semaines.","Les fractures du 1/4 distal des deux os de l'avant bras relèvent d’un traitement orthopédique dans la majorité des cas. Les fractures épargnant le cartilage de croissance: Fractures en motte de beurre : le traitement repose sur l'immobilisation par un plâtre brachio-anté-brachio-palmaire. Fractures en bois-vert: la réduction en général facile, impose parfois de casser la deuxième corticale pour obtenir un alignement stable des deux os et éviter un déplacement secondaire. Fractures complètes : Non déplacées, elles seront immobilisées par un plâtre brachio-anté-brachio-palmaire. Déplacées, elles seront réduites sous anesthésie générale et immobilisées par plâtre brachio-anté-brachio-palmaire circulaire et bien moulé. Pour les fractures à bascule postérieure, il est préférable que le plâtre soit fait sur un poignet en flexion de 45 à 60° pour prévenir un éventuel déplacement secondaire. Ce plâtre pourra être redressé 3 semaines après (l’immobilisation totale est de 6 à 8 semaines). Les fracture-décollements épiphysaires du radius: -Les fracture-décollements épiphysaires à bascule postérieure: leur réduction est obtenue par une manœuvre en traction, hyper-extension puis flexion du foyer de fracture et du poignet. Ces fractures ne sont stables qu’en flexion palmaire du poignet. -Les fracture-décollements à bascule antérieure: analogues aux précédentes, mais le déplacement est inverse. La réduction sera réalisée selon une manœuvre inverse. Elles seront immobilisées dans plâtre brachio-anté-brachio-palmaire, bien moulé au niveau de la face antérieure du carpe et sur un poignet en légère extension. Les fractures intermédiaires: si le déplacement est important, la réduction est nécessaire. L'immobilisation repose sur un plâtre brachio-anté-brachio-palmaire. Les fractures isolées du cubitus relèvent d’une immobilisation plâtrée associée ou non à une réduction. Les fractures épiphysaires imposent une immobilisation bloquant la prono-supination. Les méthodes chirurgicales ne sont utilisées que dans les échecs ou les difficultés du traitement orthopédique.",Thèse N°55-18 (FMP Marrakech) — Fractures du membre supérieur de l'enfant,CaseBasedLearning GrowthPlate Mechanism::Chute NonOperativeManagement Orthopedics Pediatrics Region::Poignet SalterHarris SurgicalManagement Topic::BoisVert Topic::DecollementEpiphysaire Topic::Toddler Traumatology UpperExtremity
"Traumatisme fermé du poignet, chez un enfant de 12 ans, suite à une chute de sa hauteur sur la paume de la main. L’examen a trouvé une impotence fonctionnelle du membre supérieur gauche, une déformation du poignet et une douleur à la palpation de l’extrémité distale du radius. La radiographie du poignet a montré: Quelle complication faut-il craindre pour ce type de fracture?",Réponse Il faut craindre une soudure prématuré du cartilage de croissance: épiphysiodèse.,,Thèse N°55-18 (FMP Marrakech) — Fractures du membre supérieur de l'enfant,CaseBasedLearning Complications GrowthPlate Mechanism::Chute Orthopedics Pediatrics Region::Poignet SalterHarris Topic::DecollementEpiphysaire Traumatology UpperExtremity
"Traumatisme fermé de l’avant-bras gauche, chez un enfant de 4ans, suite à une chute d’un 1,5m de hauteur avec réception sur main en hyper-flexion. L’examen a objectivé une attitude du traumatisé du membre supérieur avec déformation en dos de fourchette de l’extrémité distale de l’avant-bras. La radiographie a montré: Quel est votre diagnostic? [image][image]",Réponse Fracture du 1/4 distal des deux os de l’avant-bras avec bascule postérieur de l’extrémité distale du radius.,,Thèse N°55-18 (FMP Marrakech) — Fractures du membre supérieur de l'enfant,CaseBasedLearning ClinicalReasoning Imaging Mechanism::Chute Orthopedics Pediatrics Region::Poignet Traumatology UpperExtremity
"Traumatisme fermé de l’avant-bras gauche, chez un enfant de 4ans, suite à une chute d’un 1,5m de hauteur avec réception sur main en hyper-flexion. L’examen a objectivé une attitude du traumatisé du membre supérieur avec déformation en dos de fourchette de l’extrémité distale de l’avant-bras. La radiographie a montré: Quelle est votre attitude?",Réponse Réduction orthopédique avec maintient par plâtre brachio-anté-brachio-palmaire en flexion . fig3 [image][image],"Les fractures du 1/4 distal des deux os de l'avant bras relèvent d’un traitement orthopédique dans la majorité des cas. Les fractures épargnant le cartilage de croissance: Fractures en motte de beurre : le traitement repose sur l'immobilisation par un plâtre brachio-anté-brachio-palmaire. Fractures en bois-vert: la réduction en général facile, impose parfois de casser la deuxième corticale pour obtenir un alignement stable des deux os et éviter un déplacement secondaire. Fractures complètes : Non déplacées, elles seront immobilisées par un plâtre brachio-anté-brachio-palmaire. Déplacées, elles seront réduites sous anesthésie générale et immobilisées par plâtre brachio-anté-brachio-palmaire circulaire et bien moulé. Pour les fractures à bascule postérieure, il est préférable que le plâtre soit fait sur un poignet en flexion de 45 à 60° pour prévenir un éventuel déplacement secondaire. Ce plâtre pourra être redressé 3 semaines après (l’immobilisation totale est de 6 à 8 semaines). Les fracture-décollements épiphysaires du radius: -Les fracture-décollements épiphysaires à bascule postérieure: leur réduction est obtenue par une manœuvre en traction, hyper-extension puis flexion du foyer de fracture et du poignet. Ces fractures ne sont stables qu’en flexion palmaire du poignet. -Les fracture-décollements à bascule antérieure: analogues aux précédentes, mais le déplacement est inverse. La réduction sera réalisée selon une manœuvre inverse. Elles seront immobilisées dans plâtre brachio-anté-brachio-palmaire, bien moulé au niveau de la face antérieure du carpe et sur un poignet en légère extension. Les fractures intermédiaires: si le déplacement est important, la réduction est nécessaire. L'immobilisation repose sur un plâtre brachio-anté-brachio-palmaire. Les fractures isolées du cubitus relèvent d’une immobilisation plâtrée associée ou non à une réduction. Les fractures épiphysaires imposent une immobilisation bloquant la prono-supination. Les méthodes chirurgicales ne sont utilisées que dans les échecs ou les difficultés du traitement orthopédique.",Thèse N°55-18 (FMP Marrakech) — Fractures du membre supérieur de l'enfant,CaseBasedLearning GrowthPlate Mechanism::Chute NonOperativeManagement Orthopedics Pediatrics Region::Poignet SalterHarris SurgicalManagement Topic::BoisVert Topic::DecollementEpiphysaire Topic::Toddler Traumatology UpperExtremity
"Traumatisme fermé de l’avant-bras gauche, chez un enfant de 4ans, suite à une chute d’un 1,5m de hauteur avec réception sur main en hyper-flexion. L’examen a objectivé une attitude du traumatisé du membre supérieur avec déformation en dos de fourchette de l’extrémité distale de l’avant-bras. La radiographie a montré: Quelles sont les complications à craindre pour ce type de lésion? [image][image]","Réponse Les complications à craindre sont le syndrome de loge et le déplacement secondaire (c'est pour cela qu'on fait une radiographie de contrôle à J8, J15 et J21).",,Thèse N°55-18 (FMP Marrakech) — Fractures du membre supérieur de l'enfant,CaseBasedLearning Complications Imaging Mechanism::Chute Orthopedics Pediatrics Region::Poignet Topic::SyndromeDeLoge Traumatology UpperExtremity
"Nouveau né, accouchement par voie basse dystocique qui a présenté à l’examen clinique une déformation du membre inférieur droit et une asymétrie des mouvements spontanés des quatre membres. Interprétez la radiographie, quel est votre diagnostic ? [image]",Réponse Il s’agit d’une fracture de la diaphyse fémorale déplacée avec angulation importante,"Les traumatismes obstétricaux concernent surtout le nouveau-né à terme (80 à 90 % des cas), rarement le prématuré. Il existe plusieurs facteurs favorisants : une présentation anormale tels que le siège ou la face, ce qui est source de dystocie une disproportion céphalo-pelvienne, à cause d'une déformation, une hydrocéphalie, une macrosomie… une extraction instrumentale, forceps ou ventouse des manœuvres obstétricales inappropriées le plus souvent, quelle soient instrumentales ou manuelles des manœuvres obstétricales liées à une dystocie un travail prolongé ou trop rapide",Thèse N°53-18 (FMP Marrakech) — Fractures du membre inférieur de l'enfant,CaseBasedLearning ClinicalReasoning Imaging LowerExtremity Mechanism::Obstetrical NonOperativeManagement Orthopedics Pediatrics Region::Femur Traumatology
"Nouveau né, accouchement par voie basse dystocique qui a présenté à l’examen clinique une déformation du membre inférieur droit et une asymétrie des mouvements spontanés des quatre membres. Quel traitement proposez vous ?",Réponse On procède à une réduction dans l’axe suivi d’une immobilisation par une attelle.,"Le traitement vise essentiellement une réduction approximative et surtout un contrôle de la douleur par une immobilisation par une attelle. Dés le quinzième jour un cal exubérant apparaît sur les clichés de contrôle. La contention est retirée entre 15 et 20 jours. Les fractures obstétricales sont des fractures de bon pronostic. Elles bénéficient de l’extraordinaire remodelage osseux de l’enfant en croissance. Le traitement orthopédique initial, le moins agressif possible, donne un bon résultat dans la majorité des cas et les séquelles sont rares.",Thèse N°53-18 (FMP Marrakech) — Fractures du membre inférieur de l'enfant,CaseBasedLearning Complications LowerExtremity Mechanism::Obstetrical NonOperativeManagement Orthopedics Pediatrics Region::Femur Traumatology
"Nouveau né, accouchement par voie basse dystocique qui a présenté à l’examen clinique une déformation du membre inférieur droit et une asymétrie des mouvements spontanés des quatre membres. Quels sont les autres traumatismes à rechercher ?","Réponse Lésions traumatiques des parties molles : érythèmes, abrasions, ulcérations, hématome du sterno-cleido- mastoïdien… -Traumatismes crâniens : céphalhématome, enfoncement de la boite crânienne… -Traumatismes du rachis, de la moelle et des nerfs périphériques : Paralysie obstétricale du plexus brachial, paralysie faciale… Lésions traumatiques des os des membres : fracture de la clavicule, fracture de l’humérus…",,Thèse N°53-18 (FMP Marrakech) — Fractures du membre inférieur de l'enfant,CaseBasedLearning Complications LowerExtremity Mechanism::Obstetrical Orthopedics Pediatrics Region::Femur Topic::Clavicule Topic::Neurovasculaire Traumatology
"Enfant âgé de 14 ans, sans antécédents pathologiques particuliers, qui s’était présenté aux urgences suite à un accident de la voie publique à point d’impact cranio-facial, abdominal et pelvien. Quels sont les premiers gestes à réaliser ?","Réponse Évaluation de l’état hémodynamique, respiratoire et neurologique du patient Transfert en réanimation en cas d’instabilité hémodynamique Dans les autres cas, pose d’une voie veineuse, et assurer l’antalgie Bilan lésionnel d’un patient polytraumatisé Recherche de complications loco-régionales Bilan radiologique initial","Devant tout traumatisme à haute énergie une lésion de l’anneau pelvien doit être suspectée. -Le pronostic vital peut être engagé soit par la fracture elle-même (hémorragie rétro-péritonéale) soit par les lésions associées. -L’examen clinique devra être complet et scrupuleusement consigné : * Inspection : contusions, dermabrasions, hématomes, … * Palpation : repères osseux du bassin, recherche d’une instabilité de l’anneau pelvien en écartant et rapprochant les épines iliaques antéro-supérieures. * Examen vasculaire périphérique. * Examen neurologique et testing de la sensibilité périnéale. * Bilan urologique : incapacité mictionnelle, globe vésical, hématurie, … -Examen à la recherche de lésions associées dans le cadre d’un patient polytraumatisé (crâne, abdomen, thorax, …) -L’imagerie comportera au minimum une radiographie du bassin de face, complétée par d’autres examens paraclinique si besoin (scanner pour préciser les lésions de l’anneau pelvien).",Thèse N°53-18 (FMP Marrakech) — Fractures du membre inférieur de l'enfant,BoardReview CaseBasedLearning Complications Imaging LowerExtremity Mechanism::AVP NonOperativeManagement Orthopedics Pediatrics Region::Bassin Traumatology
"Enfant âgé de 14 ans, sans antécédents pathologiques particuliers, qui s’était présenté aux urgences suite à un accident de la voie publique à point d’impact cranio-facial, abdominal et pelvien. On avait noté la présence d’une anomalie sur la radiographie du bassin de face,",Réponse Il s’agit d’une fracture de l’aile iliaque droite classée type II b selon la classification de Torode et Zieg.,"Commentaire : Les lésions traumatiques de la ceinture pelvienne et du sacrum sont rares chez l’enfant (5% des fractures) et leur gravité est liée à la violence du traumatisme. Les lésions stables siègent surtout au niveau des branches pubiennes, leur diagnostic est simple sur des clichés standards et elles sont rarement associées à des lésions viscérales. En cas de fractures instables, la tomodensitométrie présente l’intérêt de faire à la fois le bilan osseux précis mais aussi le bilan viscéral. Les fractures de l’anneau pelvien s’accompagnent des lésions associées dans 75% des cas surtout du tractus uro-génital (1-2% de rupture de l’urètre, 3-5% de rupture de la vessie, 10% de plaies périnéales vaginales et/ou rectales, 3% de lésions vasculaires. Il s’agit le plus souvent de mécanisme à haute énergie dans un contexte de patient polytraumatisé (accident de la voie publique).",Thèse N°53-18 (FMP Marrakech) — Fractures du membre inférieur de l'enfant,BoardReview CaseBasedLearning ClinicalReasoning Imaging LowerExtremity Mechanism::AVP NonOperativeManagement Orthopedics Pediatrics Region::Bassin Traumatology
"Enfant âgé de 14 ans, sans antécédents pathologiques particuliers, qui s’était présenté aux urgences suite à un accident de la voie publique à point d’impact cranio-facial, abdominal et pelvien. Quel autre examen paraclinique demandez vous ?",Réponse On demande un scanner du bassin,,Thèse N°53-18 (FMP Marrakech) — Fractures du membre inférieur de l'enfant,BoardReview CaseBasedLearning Imaging LowerExtremity Mechanism::AVP Orthopedics Pediatrics Region::Bassin Traumatology
"Enfant âgé de 14 ans, sans antécédents pathologiques particuliers, qui s’était présenté aux urgences suite à un accident de la voie publique à point d’impact cranio-facial, abdominal et pelvien. Quelle est votre attitude thérapeutique ?",Réponse Les fractures stables sont le plus souvent traitées par simple repos au lit pendant quelques jours puis marche en décharge.,"Tout enfant hémodynamiquement instable relèvera de la réanimation en se tenant à disposition pour une éventuelle réduction et stabilisation de la fracture en cas d’hémorragie rétro-péritonéale. Pour les patients stables, le traitement sera le plus souvent orthopédique : *Fractures non déplacées : repos au lit puis marche en décharge. *Fractures en rotation externe : réduction en hamac. *Fracture avec ascension d’un hémi-bassin : réduction par traction. Seules les lésions instables nécessiteront une réduction (Traction trans-osseuse, réduction à foyer ouvert) et une fixation interne ou externe.",Thèse N°53-18 (FMP Marrakech) — Fractures du membre inférieur de l'enfant,BoardReview CaseBasedLearning LowerExtremity Mechanism::AVP NonOperativeManagement Orthopedics Pediatrics Region::Bassin SurgicalManagement Traumatology
"Patiente de 15 ans, victime d’un accident de la voie publique : la patiente avait été heurtée par une voiture avec point d’impact cranio-facial, abdominal et pelvien. Quelle est votre conduite à tenir en urgence ?","Réponse Tout d’abord, il faut reconnaître et traiter les 3 urgences vitales : Cardio circulatoire É TAT DE CHOC dû à une lésion hémorragique interne ou extériorisée. DIAGNOSTIC POSITIF : o pâleur des téguments, marbrures des genoux, o pouls rapide et filant, temps de recoloration cutanée allongé, tension artérielle abaissée avec pincement de la différentielle. CONDUITE À TENIR : o oxygénothérapie au masque voire intubation trachéale et ventilation, o mise en place de deux voies d’abord veineux périphériques de gros calibre, o restauration de la volémie par remplissage vasculaire, o massage cardiaque en cas d’arrêt cardio-circulatoire. Respiratoire DIAGNOSTIC POSITIF : o Agitation, polypnée ou bradypnée, signes de lutte ou d’encombrement, cyanose. CONDUITE À TENIR : o Libération des voies aériennes supérieures (extraction d’un corps étranger, prévention de la chute en arrière de la langue par sub-luxation de la mandibule). o Intubation trachéale et ventilation, rachis cervical en rectitude. Neurologique É tat de conscience (score de Glasgow), réflexe photo- moteur, motilité spontanée.",,Thèse N°53-18 (FMP Marrakech) — Fractures du membre inférieur de l'enfant,BoardReview CaseBasedLearning ClinicalReasoning LowerExtremity Mechanism::AVP NonOperativeManagement Orthopedics Pediatrics Region::Genou Traumatology
"Patiente de 15 ans, victime d’un accident de la voie publique : la patiente avait été heurtée par une voiture avec point d’impact cranio-facial, abdominal et pelvien. Interprétez la radiographie du bassin. Quel est votre diagnostic? [image]",Réponse Fractures ilio-pubienne et ischio-pubienne gauche et du sacrum gauche.,Radiographie du genou gauche de face et de profil ne montrant aucune anomalie osseuse Classification de Torode et Zieg : -Type I : Arrachement apophysaire. -Type II : Fracture de l’aile iliaque. *II A : Arrachement apophysaire iliaque. *II B : Fracture vraie de l’aile iliaque. -Type III : Fracture simple et stable de l’anneau pelvien. *III A : Disjonction symphysaire ou arrachement apophysaire de la symphyse. *III B : Fracture du cotyle sans lésion concomitante de l’anneau pelvien. -Type IV : Fracture génératrice d’instabilité. *IV A : Fracture bilatérale des branches ischio et ilio-pubiennes. *IV B : Fracture du pubis ou disjonction symphysaire associée à une lésion instable de l’arc postérieur (disjonction sacro-iliaque ou fracture de l’aileron sacré).,Thèse N°53-18 (FMP Marrakech) — Fractures du membre inférieur de l'enfant,BoardReview CaseBasedLearning ClinicalReasoning Imaging LowerExtremity Mechanism::AVP NonOperativeManagement Orthopedics Pediatrics Region::Genou Traumatology
"Patiente de 15 ans, victime d’un accident de la voie publique : la patiente avait été heurtée par une voiture avec point d’impact cranio-facial, abdominal et pelvien. Quel autre examen paraclinique demandez vous ?",Réponse On demande un scanner du bassin [image],,Thèse N°53-18 (FMP Marrakech) — Fractures du membre inférieur de l'enfant,BoardReview CaseBasedLearning Imaging LowerExtremity Mechanism::AVP Orthopedics Pediatrics Region::Genou Traumatology
"Patiente de 15 ans, victime d’un accident de la voie publique : la patiente avait été heurtée par une voiture avec point d’impact cranio-facial, abdominal et pelvien. Quelles sont les complications qu’il faudra rechercher systématiquement?","Réponse Il faudra rechercher les complications vasculaires, neurologiques et urologiques","-Complications vasculaires : coloration et température cutanée, pouls périphériques, écho Doppler en cas de doute. -Complications neurologiques : recherche de lésions du plexus lombo-sacré, la sensibilité et la tonicité du sphincter anal. -Complications urologiques : incapacité mictionnelle, globe vésical, hématurie ou urétrorragie.",Thèse N°53-18 (FMP Marrakech) — Fractures du membre inférieur de l'enfant,BoardReview CaseBasedLearning Complications LowerExtremity Mechanism::AVP Orthopedics Pediatrics Region::Genou Traumatology
"Patient de 8 ans, avait été admis aux urgences pour traumatisme du membre inférieur droit suite à un accident de la voie publique. Interprétez la radiographie, quel est votre diagnostic ? [image]","Réponse Il s’agit d’une fracture du col du fémur : Fracture décollement épiphysaire, type I selon Salter & Harris et classé type I selon Delbet.","Commentaire : Les lésions traumatiques de la ceinture pelvienne et du sacrum sont rares chez l’enfant (5% des fractures) et leur gravité est liée à la violence du traumatisme. Les lésions stables siègent surtout au niveau des branches pubiennes, leur diagnostic est simple sur des clichés standards et elles sont rarement associées à des lésions viscérales. En cas de fractures instables, la tomodensitométrie présente l’intérêt de faire à la fois le bilan osseux précis mais aussi le bilan viscéral. Les fractures de l’anneau pelvien s’accompagnent des lésions associées dans 75% des cas surtout du tractus uro-génital (1-2% de rupture de l’urètre, 3-5% de rupture de la vessie, 10% de plaies périnéales vaginales et/ou rectales, 3% de lésions vasculaires. Il s’agit le plus souvent de mécanisme à haute énergie dans un contexte de patient polytraumatisé (accident de la voie publique).",Thèse N°53-18 (FMP Marrakech) — Fractures du membre inférieur de l'enfant,CaseBasedLearning ClinicalReasoning GrowthPlate Imaging LowerExtremity Mechanism::AVP NonOperativeManagement Orthopedics Pediatrics Region::Femur SalterHarris Topic::DecollementEpiphysaire Traumatology
"Patient de 8 ans, avait été admis aux urgences pour traumatisme du membre inférieur droit suite à un accident de la voie publique. Quel est le diagnostic différentiel ? [image]",Réponse c’est l’épiphysiolyse.,"La distinction entre la fracture et l’épiphysiolyse est en théorie assez aisée : à l’inverse de la fracture du col du fémur, l’épiphysiolyse survient lors d’un choc minime chez un enfant souvent en surcharge pondérale et ayant des antécédents de boiterie.",Thèse N°53-18 (FMP Marrakech) — Fractures du membre inférieur de l'enfant,CaseBasedLearning ClinicalReasoning GrowthPlate Imaging LowerExtremity Mechanism::AVP Orthopedics Pediatrics Region::Femur SalterHarris Topic::DecollementEpiphysaire Traumatology
"Patient de 8 ans, avait été admis aux urgences pour traumatisme du membre inférieur droit suite à un accident de la voie publique. Quel traitement proposez vous ?",Réponse On demande un scanner du bassin,"Possibilités et indications thérapeutiques : Le traitement des fractures du col du fémur de l’enfant est chirurgical dans la plupart des cas et doit être réalisé en urgence. Quelques particularités propres à l’enfant doivent être connues. Le périoste de l’enfant est épais et résistant autour du col du fémur et va limiter le déplacement dans près de la moitié des cas. En revanche s’il est déchiré et interposé dans le foyer de fracture, il empêchera une réduction anatomique. En raison de la vascularisation de l’épiphyse fémorale, les fractures cervicales ou certaines fractures cervico-trochantériennes peuvent léser les vaisseaux périostés lors de leur trajet sous le périoste, le long du col fémoral entraînant un risque de nécrose épiphysaire. L’os spongieux du col du fémur et de la région trochantérienne est très dense et résistant, offrant une excellente prise au vissage. Type I : La fixation chirurgicale est de règle , parfois même en percutané par une ou deux broches chez le jeune enfant ou des vis à compression chez l’adolescent. Type II : Les fractures non déplacées et les fractures peu déplacées à trait horizontal peuvent être traitées par plâtre pelvi-pédieux pendant 4 à 6 semaines, en surveillant régulièrement l’absence de déplacement secondaire. Les fractures peu déplacées à trait vertical sont instables et il est prudent de les traiter chirurgicalement par ostéosynthèse à foyer fermé. Les fractures déplacées doivent être ostéosynthésées. La fixation se fait par deux vis ne franchissant pas le cartilage de croissance. Type III : Le traitement est chirurgical. La réduction est obtenue comme pour le type II soit sur table orthopédique ou par abord chirurgical antéro-externe. S’il existe un décollement apophysaire du grand trochanter, il faut le fixer par un cerclage à effet de hauban appuyé sur 2 broches verticales, après réduction et fixation du trait principal. Type IV : Le traitement orthopédique par traction collée permet d’obtenir parfois un bon alignement en flexion à 90° (Traction au Zénith). Sinon fixation par une vis plaque surtout dans le cas de polytraumatisme.",Thèse N°53-18 (FMP Marrakech) — Fractures du membre inférieur de l'enfant,CaseBasedLearning Complications GrowthPlate Imaging LowerExtremity Mechanism::AVP NonOperativeManagement Orthopedics Pediatrics Region::Femur SalterHarris SurgicalManagement Topic::DecollementEpiphysaire Traumatology
"Patient de 8 ans, avait été admis aux urgences pour traumatisme du membre inférieur droit suite à un accident de la voie publique. Quelle est la complication la plus redoutable ?",Réponse Nécrose de la tête fémorale : l’évolution des fractures de type I de Delbet est malheureusement le plus souvent défavorable quels que soient la précocité et le type de traitement.,"La Nécrose avasculaire ou aseptique : C’est la complication la plus fréquente et la plus invalidante Le risque de nécrose aseptique est directement proportionnel à l'importance du déplacement initial des fragments fracturaires et à l'importance des dégâts vasculaires au moment du traumatisme. D'autres facteurs sont associés à l'augmentation de ce risque de nécrose aseptique, ce sont les types l ou II et un âge supérieur à dix ans. Type I : La nécrose survient dans près de 70%. Le pronostic est défavorable quel que soit la précocité et le type de traitement. Type II, III: Le risque de nécrose est plus élevé si les fractures sont déplacées ou le traitement différé. La précocité de la réduction est un facteur d’amélioration du pronostic, ainsi que l’évacuation de l’hématome intra capsulaire. Le délai de visualisation radiologique de la nécrose est d’un an, d’où l’intérêt de la scintigraphie osseuse dans le premier mois postopératoire pour un diagnostic plus précoce.",Thèse N°53-18 (FMP Marrakech) — Fractures du membre inférieur de l'enfant,CaseBasedLearning ClinicalReasoning Complications GrowthPlate LowerExtremity Mechanism::AVP Orthopedics Pediatrics Region::Femur SalterHarris SurgicalManagement Topic::DecollementEpiphysaire Traumatology
"Patiente de 14 ans, sans antécédents particuliers, s’était présentée aux urgences suite à un accident de la voie publique qui avait occasionné chez elle un traumatisme avec un point d’impact au niveau du membre inférieur droit. L’examen à l’admission avait retrouvé une patiente en bon état général, on avait noté l’existence d’une impotence fonctionnelle totale du membre droit associée à une douleur à la palpation de la cuisse droite sans effraction cutanée ni troubles vasculo-nerveux. Interprétez la radiographie, quel est votre diagnostic ? [image]",Réponse Il s’agit d’une fracture du col du fémur : transcervicale droite non déplacée classée type II selon Delbet.,"Type II : Fracture transcervicale, la plus fréquente des fractures du col du fémur. La disposition vasculaire explique le risque élevé de nécrose. On distingue selon Pauwels , les fractures à trait horizontal de meilleur pronostic que celles à trait vertical.",Thèse N°53-18 (FMP Marrakech) — Fractures du membre inférieur de l'enfant,CaseBasedLearning ClinicalReasoning Complications Imaging LowerExtremity Mechanism::AVP Orthopedics Pediatrics Region::Femur Traumatology
"Patiente de 14 ans, sans antécédents particuliers, s’était présentée aux urgences suite à un accident de la voie publique qui avait occasionné chez elle un traumatisme avec un point d’impact au niveau du membre inférieur droit. L’examen à l’admission avait retrouvé une patiente en bon état général, on avait noté l’existence d’une impotence fonctionnelle totale du membre droit associée à une douleur à la palpation de la cuisse droite sans effraction cutanée ni troubles vasculo-nerveux. Quelle est votre attitude thérapeutique ?","Réponse On propose un traitement chirurgical : Réduction en urgence au bloc opératoire, sous anesthésie générale, sur table orthopédique sous contrôle scopique à l’amplificateur de brillance en abduction et rotation interne. Contention du foyer de fracture par ostéosynthèse interne : vissage par vis canulées. Repos strict. Mise en charge après consolidation. [image]","Possibilités et indications thérapeutiques : Le traitement des fractures du col du fémur de l’enfant est chirurgical dans la plupart des cas et doit être réalisé en urgence. Quelques particularités propres à l’enfant doivent être connues. Le périoste de l’enfant est épais et résistant autour du col du fémur et va limiter le déplacement dans près de la moitié des cas. En revanche s’il est déchiré et interposé dans le foyer de fracture, il empêchera une réduction anatomique. En raison de la vascularisation de l’épiphyse fémorale, les fractures cervicales ou certaines fractures cervico-trochantériennes peuvent léser les vaisseaux périostés lors de leur trajet sous le périoste, le long du col fémoral entraînant un risque de nécrose épiphysaire. L’os spongieux du col du fémur et de la région trochantérienne est très dense et résistant, offrant une excellente prise au vissage. Type I : La fixation chirurgicale est de règle , parfois même en percutané par une ou deux broches chez le jeune enfant ou des vis à compression chez l’adolescent. Type II : Les fractures non déplacées et les fractures peu déplacées à trait horizontal peuvent être traitées par plâtre pelvi-pédieux pendant 4 à 6 semaines, en surveillant régulièrement l’absence de déplacement secondaire. Les fractures peu déplacées à trait vertical sont instables et il est prudent de les traiter chirurgicalement par ostéosynthèse à foyer fermé. Les fractures déplacées doivent être ostéosynthésées. La fixation se fait par deux vis ne franchissant pas le cartilage de croissance. Type III : Le traitement est chirurgical. La réduction est obtenue comme pour le type II soit sur table orthopédique ou par abord chirurgical antéro-externe. S’il existe un décollement apophysaire du grand trochanter, il faut le fixer par un cerclage à effet de hauban appuyé sur 2 broches verticales, après réduction et fixation du trait principal. Type IV : Le traitement orthopédique par traction collée permet d’obtenir parfois un bon alignement en flexion à 90° (Traction au Zénith). Sinon fixation par une vis plaque surtout dans le cas de polytraumatisme.",Thèse N°53-18 (FMP Marrakech) — Fractures du membre inférieur de l'enfant,CaseBasedLearning Complications GrowthPlate LowerExtremity Mechanism::AVP NonOperativeManagement Orthopedics Pediatrics Region::Femur SalterHarris SurgicalManagement Topic::DecollementEpiphysaire Traumatology
"Patiente de 14 ans, sans antécédents particuliers, s’était présentée aux urgences suite à un accident de la voie publique qui avait occasionné chez elle un traumatisme avec un point d’impact au niveau du membre inférieur droit. L’examen à l’admission avait retrouvé une patiente en bon état général, on avait noté l’existence d’une impotence fonctionnelle totale du membre droit associée à une douleur à la palpation de la cuisse droite sans effraction cutanée ni troubles vasculo-nerveux. Quelle est la complication la plus redoutable ?",Réponse C’est la nécrose de la tête fémorale.,"La Nécrose avasculaire ou aseptique : C’est la complication la plus fréquente et la plus invalidante Le risque de nécrose aseptique est directement proportionnel à l'importance du déplacement initial des fragments fracturaires et à l'importance des dégâts vasculaires au moment du traumatisme. D'autres facteurs sont associés à l'augmentation de ce risque de nécrose aseptique, ce sont les types l ou II et un âge supérieur à dix ans. Type I : La nécrose survient dans près de 70%. Le pronostic est défavorable quel que soit la précocité et le type de traitement. Type II, III: Le risque de nécrose est plus élevé si les fractures sont déplacées ou le traitement différé. La précocité de la réduction est un facteur d’amélioration du pronostic, ainsi que l’évacuation de l’hématome intra capsulaire. Le délai de visualisation radiologique de la nécrose est d’un an, d’où l’intérêt de la scintigraphie osseuse dans le premier mois postopératoire pour un diagnostic plus précoce.",Thèse N°53-18 (FMP Marrakech) — Fractures du membre inférieur de l'enfant,CaseBasedLearning ClinicalReasoning Complications LowerExtremity Mechanism::AVP Orthopedics Pediatrics Region::Femur SurgicalManagement Traumatology
"Patiente de 14 ans, sans antécédents particuliers, s’était présentée aux urgences suite à un accident de la voie publique qui avait occasionné chez elle un traumatisme avec un point d’impact au niveau du membre inférieur droit. L’examen à l’admission avait retrouvé une patiente en bon état général, on avait noté l’existence d’une impotence fonctionnelle totale du membre droit associée à une douleur à la palpation de la cuisse droite sans effraction cutanée ni troubles vasculo-nerveux. Quel est le délai de décharge, d’éviction scolaire et sportive?",Réponse La mise en décharge sera prudente et la mise en charge ne sera autorisée qu’après disparition complète du trait. Eviction scolaire : 2 à 4 mois. Eviction sportive : 1 an.,,Thèse N°53-18 (FMP Marrakech) — Fractures du membre inférieur de l'enfant,CaseBasedLearning LowerExtremity Mechanism::AVP Orthopedics Pediatrics Region::Femur Traumatology
"Enfant de 7 ans, sans antécédents particuliers, s’était présenté aux urgences suite à un accident de la voie publique qui avait occasionné chez lui un traumatisme avec un point d’impact au niveau du membre inférieur droit. Interprétez la radiographie, quel est votre diagnostic ? [image]",Réponse Il s’agit d’une fracture du col du fémur : basi-cervicale droite avec déplacement minime classée type III selon Delbet .,"Type III : Fracture basicervicale ou cervicotrochanterienne, moins fréquente. La situation du trait par rapport au cartilage de croissance sous trochantérien a permis à Rigault d’en distinguer 4 formes : La véritable fracture basicervicale, dont le trait arrive à la limite interne du grand trochanter : avant réduction, elle est difficile à différencier de la fracture transcervicale à trait vertical en raison de rotation externe du fragment distal effaçant le col sur la radiographie de face : c’est la radiographie de profil après réduction qui permet le plus souvent de les distinguer. La fracture basicervicale avec décollement de la partie interne du grand trochanter ou fracture-décollement apophysaire . La fracture avec décollement complet du grand trochanter. La fracture avec décollement apophysaire de la partie externe du grand trochanter : contrairement aux trois formes précédentes, le trait se termine en dehors du hile vasculaire du col et le bon pronostic doit les rapprocher des fractures trochantériennes.",Thèse N°53-18 (FMP Marrakech) — Fractures du membre inférieur de l'enfant,CaseBasedLearning ClinicalReasoning Complications GrowthPlate Imaging LowerExtremity Mechanism::AVP Orthopedics Pediatrics Region::Femur SalterHarris Topic::DecollementEpiphysaire Traumatology
"Enfant de 7 ans, sans antécédents particuliers, s’était présenté aux urgences suite à un accident de la voie publique qui avait occasionné chez lui un traumatisme avec un point d’impact au niveau du membre inférieur droit. Quelle est votre attitude thérapeutique ?","Réponse On propose un traitement chirurgical : en urgence au bloc opératoire, sous anesthésie générale, sur table orthopédique sous contrôle scopique à l’amplificateur de brillance en abduction et rotation interne. -contention du foyer de fracture par ostéosynthèse interne : vissage. -Immobilisation plâtrée : plâtre pelvi-pédieux pendant 2 mois. -mise en charge après consolidation. [image]","Possibilités et indications thérapeutiques : Le traitement des fractures du col du fémur de l’enfant est chirurgical dans la plupart des cas et doit être réalisé en urgence. Quelques particularités propres à l’enfant doivent être connues. Le périoste de l’enfant est épais et résistant autour du col du fémur et va limiter le déplacement dans près de la moitié des cas. En revanche s’il est déchiré et interposé dans le foyer de fracture, il empêchera une réduction anatomique. En raison de la vascularisation de l’épiphyse fémorale, les fractures cervicales ou certaines fractures cervico-trochantériennes peuvent léser les vaisseaux périostés lors de leur trajet sous le périoste, le long du col fémoral entraînant un risque de nécrose épiphysaire. L’os spongieux du col du fémur et de la région trochantérienne est très dense et résistant, offrant une excellente prise au vissage. Type I : La fixation chirurgicale est de règle , parfois même en percutané par une ou deux broches chez le jeune enfant ou des vis à compression chez l’adolescent. Type II : Les fractures non déplacées et les fractures peu déplacées à trait horizontal peuvent être traitées par plâtre pelvi-pédieux pendant 4 à 6 semaines, en surveillant régulièrement l’absence de déplacement secondaire. Les fractures peu déplacées à trait vertical sont instables et il est prudent de les traiter chirurgicalement par ostéosynthèse à foyer fermé. Les fractures déplacées doivent être ostéosynthésées. La fixation se fait par deux vis ne franchissant pas le cartilage de croissance. Type III : Le traitement est chirurgical. La réduction est obtenue comme pour le type II soit sur table orthopédique ou par abord chirurgical antéro-externe. S’il existe un décollement apophysaire du grand trochanter, il faut le fixer par un cerclage à effet de hauban appuyé sur 2 broches verticales, après réduction et fixation du trait principal. Type IV : Le traitement orthopédique par traction collée permet d’obtenir parfois un bon alignement en flexion à 90° (Traction au Zénith). Sinon fixation par une vis plaque surtout dans le cas de polytraumatisme.",Thèse N°53-18 (FMP Marrakech) — Fractures du membre inférieur de l'enfant,CaseBasedLearning Complications GrowthPlate LowerExtremity Mechanism::AVP NonOperativeManagement Orthopedics Pediatrics Region::Femur SalterHarris SurgicalManagement Topic::DecollementEpiphysaire Traumatology
"Enfant de 7 ans, sans antécédents particuliers, s’était présenté aux urgences suite à un accident de la voie publique qui avait occasionné chez lui un traumatisme avec un point d’impact au niveau du membre inférieur droit. Quelle est la complication la plus redoutable ?",Réponse C’est la nécrose de la tête fémorale.,"La Nécrose avasculaire ou aseptique : C’est la complication la plus fréquente et la plus invalidante Le risque de nécrose aseptique est directement proportionnel à l'importance du déplacement initial des fragments fracturaires et à l'importance des dégâts vasculaires au moment du traumatisme. D'autres facteurs sont associés à l'augmentation de ce risque de nécrose aseptique, ce sont les types l ou II et un âge supérieur à dix ans. Type I : La nécrose survient dans près de 70%. Le pronostic est défavorable quel que soit la précocité et le type de traitement. Type II, III: Le risque de nécrose est plus élevé si les fractures sont déplacées ou le traitement différé. La précocité de la réduction est un facteur d’amélioration du pronostic, ainsi que l’évacuation de l’hématome intra capsulaire. Le délai de visualisation radiologique de la nécrose est d’un an, d’où l’intérêt de la scintigraphie osseuse dans le premier mois postopératoire pour un diagnostic plus précoce.",Thèse N°53-18 (FMP Marrakech) — Fractures du membre inférieur de l'enfant,CaseBasedLearning ClinicalReasoning Complications LowerExtremity Mechanism::AVP Orthopedics Pediatrics Region::Femur SurgicalManagement Traumatology
"Enfant de 7 ans, sans antécédents particuliers, s’était présenté aux urgences suite à un accident de la voie publique qui avait occasionné chez lui un traumatisme avec un point d’impact au niveau du membre inférieur droit. Un suivi radiologique est-il obligatoire ?","Réponse Oui. On demande une radiographie du bassin de face à 1 mois, 3 mois puis 1 an.","SUIVI : L’immobilisation post opératoire (traction collée, plâtre pelvi-pédieux) sera décidée en fonction de l’âge de l’enfant, du type de fracture et de la qualité de l’ostéosynthèse. le membre fracturé sera mis en décharge pour une durée prolongée, le délai de consolidation est de 2 mois au moins. Les fractures du fémur nécessitent une radiographie de contrôle à 1 mois, 3 mois et à 1 an. En cas de décollement épiphysaire, une scintigraphie osseuse doit être demandée pour juger de la vitalité de la tête fémorale. La scintigraphie précoce au premier mois post-opératoire à une valeur pronostique certaine, car si la fixation est normale à ce stade, le risque de nécrose grave paraît faible. Il faut prévoir une surveillance radiographique à 3 mois, 6 mois, 1 et 2 ans. L’ablation du matériel d’ostéosynthèse ne doit pas être envisagée avant un délai d’un an postopératoire. -De la rééducation sera nécessaire pour apprendre la marche en décharge avec des béquilles, pour entretenir les mobilités articulaires et la trophicité musculaire.",Thèse N°53-18 (FMP Marrakech) — Fractures du membre inférieur de l'enfant,CaseBasedLearning Complications GrowthPlate Imaging LowerExtremity Mechanism::AVP NonOperativeManagement Orthopedics Pediatrics Region::Femur SalterHarris SurgicalManagement Topic::DecollementEpiphysaire Traumatology
Patient de 12ans qui avait été admis aux urgences pour traumatisme du membre inférieur droit suite à un accident de la voie publique. Quel est votre diagnostic ? Interprétez la radiographie [image],Réponse Il s’agit d’une fracture per trochantérienne avec un troisième fragment associée à une fracture du petit trochanter déplacée classée stade IV de Delbet .,Les fractures pertrochanteriennes sont rares chez l’enfant. Ce ne sont donc pas de véritables fractures du col du fémur. Leur pronostic vasculaire est excellent.,Thèse N°53-18 (FMP Marrakech) — Fractures du membre inférieur de l'enfant,CaseBasedLearning ClinicalReasoning Complications Imaging LowerExtremity Mechanism::AVP Orthopedics Pediatrics Region::Femur Traumatology
Patient de 12ans qui avait été admis aux urgences pour traumatisme du membre inférieur droit suite à un accident de la voie publique. Quelle attitude thérapeutique préconisez vous ?,Réponse Le traitement est chirurgical : réduction à ciel ouvert du foyer et stabilisation par une plaque et vissage du petit trochanter. [image],"Possibilités et indications thérapeutiques : Le traitement des fractures du col du fémur de l’enfant est chirurgical dans la plupart des cas et doit être réalisé en urgence. Quelques particularités propres à l’enfant doivent être connues. Le périoste de l’enfant est épais et résistant autour du col du fémur et va limiter le déplacement dans près de la moitié des cas. En revanche s’il est déchiré et interposé dans le foyer de fracture, il empêchera une réduction anatomique. En raison de la vascularisation de l’épiphyse fémorale, les fractures cervicales ou certaines fractures cervico-trochantériennes peuvent léser les vaisseaux périostés lors de leur trajet sous le périoste, le long du col fémoral entraînant un risque de nécrose épiphysaire. L’os spongieux du col du fémur et de la région trochantérienne est très dense et résistant, offrant une excellente prise au vissage. Type I : La fixation chirurgicale est de règle , parfois même en percutané par une ou deux broches chez le jeune enfant ou des vis à compression chez l’adolescent. Type II : Les fractures non déplacées et les fractures peu déplacées à trait horizontal peuvent être traitées par plâtre pelvi-pédieux pendant 4 à 6 semaines, en surveillant régulièrement l’absence de déplacement secondaire. Les fractures peu déplacées à trait vertical sont instables et il est prudent de les traiter chirurgicalement par ostéosynthèse à foyer fermé. Les fractures déplacées doivent être ostéosynthésées. La fixation se fait par deux vis ne franchissant pas le cartilage de croissance. Type III : Le traitement est chirurgical. La réduction est obtenue comme pour le type II soit sur table orthopédique ou par abord chirurgical antéro-externe. S’il existe un décollement apophysaire du grand trochanter, il faut le fixer par un cerclage à effet de hauban appuyé sur 2 broches verticales, après réduction et fixation du trait principal. Type IV : Le traitement orthopédique par traction collée permet d’obtenir parfois un bon alignement en flexion à 90° (Traction au Zénith), sinon réduction chirurgicale à ciel ouvert et stabilisation par plaque vissée.",Thèse N°53-18 (FMP Marrakech) — Fractures du membre inférieur de l'enfant,CaseBasedLearning Complications GrowthPlate LowerExtremity Mechanism::AVP NonOperativeManagement Orthopedics Pediatrics Region::Femur SalterHarris SurgicalManagement Topic::DecollementEpiphysaire Traumatology
Patient de 12ans qui avait été admis aux urgences pour traumatisme du membre inférieur droit suite à un accident de la voie publique. Quelles sont les séquelles possibles ?,Réponse La pseudarthrose L’épiphysiodèse Le Cal vicieux,"Le risque de nécrose de la tête fémorale est faible, d’autres complications sont possibles : La Coxa vara post traumatique : Elle se définit par une fermeture de l'angle cervico-diaphysaire dont la valeur devient inférieure â 135 °. La valeur normale de cet angle chez l'enfant varie de 145 à 150 degrés. La coxa vara post traumatique est avant tout liée au traitement orthopédique. La Pseudarthrose : Le type III (basicervical) a une grande tendance à la pseudarthrose. Elle peut être plus ou moins serrée ou se présenter sous la forme d'une grande dislocation avec raccourcissement important entraînant souvent une nécrose aseptique secondaire. La Fermeture précoce des cartilages : Principal trouble de croissance compliquant les fractures du col fémoral chez l'enfant. Cette fermeture précoce ne connaît pas encore de causes évidentes. On incrimine une nécrose avasculaire le traumatisme chirurgical provoqué par le matériel d’ostéosynthèse. La part de raccourcissement entraînée par cette fermeture précoce est en fonction de l’âge de l’enfant : chez le tout petit enfant, une fermeture précoce des cartilages entrainera une inégalité de longueur de membre très importante. Par contre, chez le grand enfant, l'inégalité de longueur de membre résultant d'une fermeture précoce des cartilages sera minime. Le Cal vicieux : dû en général à un traitement insuffisant ou un traitement orthopédique pour des fractures initialement ou secondairement déplacées.",Thèse N°53-18 (FMP Marrakech) — Fractures du membre inférieur de l'enfant,CaseBasedLearning Complications LowerExtremity Mechanism::AVP NonOperativeManagement Orthopedics Pediatrics Region::Femur SurgicalManagement Topic::CalVicieux Topic::Pseudarthrose Traumatology
"Enfant de 7 ans, sans antécédents particuliers, victime d’un traumatisme au niveau du membre inférieur droit suite à une chute de sa hauteur sans autre point d’impact. Quel est votre diagnostic ? Interprétez la radiographie [image]",Réponse Fracture diaphysaire du fémur droit à trait spiroïde avec un chevauchement.,"Les fractures diaphysaires du fémur représentent la troisième localisation par ordre de fréquence des fractures de l’enfant. Elles sont très variables avec classiquement une fracture médio-diaphysaire. Elles sont rencontrées principalement chez le garçon (sex ratio : 3/1) Les étiologies sont nombreuses et variables selon l’âge du patient : Entre 0-4 ans : chutes 40%, maltraitance 30%, accident de la voie publique 10%, traumatisme obstétricaux rares. Entre 6-10 ans : Accident de la voie publique 70%, chute 20%. Entre 13 et 15ans : Accident de la voie publique 70%, accident de sport 20%.",Thèse N°53-18 (FMP Marrakech) — Fractures du membre inférieur de l'enfant,CaseBasedLearning ClinicalReasoning Imaging LowerExtremity Mechanism::Chute Orthopedics Pediatrics Region::Femur Topic::Maltraitance Traumatology
"Enfant de 7 ans, sans antécédents particuliers, victime d’un traumatisme au niveau du membre inférieur droit suite à une chute de sa hauteur sans autre point d’impact. Quelle est votre conduite à tenir en urgence ?",Réponse -Chercher lésions associées et surveillance des constantes générales. -Pose d’une voie veineuse permettant l’administration d’antalgiques. -Réalisation d’une anesthésie locorégionale de type bloc crural : elle doit être effectuée avant toute autre investigation dès que le diagnostic de fracture du fémur est évoqué. Elle permettra la manipulation et l’installation indolore de l’enfant.,,Thèse N°53-18 (FMP Marrakech) — Fractures du membre inférieur de l'enfant,CaseBasedLearning ClinicalReasoning LowerExtremity Mechanism::Chute Orthopedics Pediatrics Region::Femur Traumatology
"Enfant de 7 ans, sans antécédents particuliers, victime d’un traumatisme au niveau du membre inférieur droit suite à une chute de sa hauteur sans autre point d’impact. Pour quel traitement opteriez vous ?","Réponse C’est une indication à l’embrochage centromédullaire élastique stable. Sous anesthésie générale, sous scope : réduction du foyer fracturaire et stabilisation par deux broches de Metaizeau. [image]",Le traitement chirurgical est de plus en plus utilisé surtout chez l’enfant de plus de 6 ans : c’est l’embrochage centromédullaire élastique stable.,Thèse N°53-18 (FMP Marrakech) — Fractures du membre inférieur de l'enfant,CaseBasedLearning LowerExtremity Mechanism::Chute Orthopedics Pediatrics Region::Femur SurgicalManagement Traumatology
"Enfant de 7 ans, sans antécédents particuliers, victime d’un traumatisme au niveau du membre inférieur droit suite à une chute de sa hauteur sans autre point d’impact. Quelle est votre conduite en post opératoire ?","Réponse L’hospitalisation dure 2 à 3 jours, la marche avec béquilles et sans appui est autorisée à j5. L’enfant peut retourner à l’école à J 15 et reprendre le sport à J 90. Les broches seront retirées entre le 4 ème et le 8 ème mois lorsque la corticalisation fémorale est suffisante",,Thèse N°53-18 (FMP Marrakech) — Fractures du membre inférieur de l'enfant,CaseBasedLearning LowerExtremity Mechanism::Chute Orthopedics Pediatrics Region::Femur SurgicalManagement Traumatology
"Enfant de 7 ans, sans antécédents particuliers, victime d’un traumatisme au niveau du membre inférieur droit suite à une chute de sa hauteur sans autre point d’impact. Quelles sont les complications du traitement chirurgical ?","Réponse L’infection reste le principal risque dont les séquelles, bien que rares, peuvent être très sévères : séquestrations diaphysaires, pseudarthroses, inégalités, raideur articulair>e…",,Thèse N°53-18 (FMP Marrakech) — Fractures du membre inférieur de l'enfant,CaseBasedLearning Complications LowerExtremity Mechanism::Chute Orthopedics Pediatrics Region::Femur SurgicalManagement Topic::Pseudarthrose Traumatology
"Enfant de 4ans, qui s’était présenté aux urgences suite à un traumatisme du membre inférieur gauche causé par la chute d’un objet lourd sur sa cuisse. interprétez la radiographie [image]",Réponse Fracture médio-diaphysaire du fémur droit avec angulation.,"Les fractures diaphysaires du fémur représentent la troisième localisation par ordre de fréquence des fractures de l’enfant. Elles sont très variables avec classiquement une fracture médio-diaphysaire. Elles sont rencontrées principalement chez le garçon (sex ratio : 3/1) Les étiologies sont nombreuses et variables selon l’âge du patient : Entre 0-4 ans : chutes 40%, maltraitance 30%, accident de la voie publique 10%, traumatisme obstétricaux rares. Entre 6-10 ans : Accident de la voie publique 70%, chute 20%. Entre 13 et 15ans : Accident de la voie publique 70%, accident de sport 20%.",Thèse N°53-18 (FMP Marrakech) — Fractures du membre inférieur de l'enfant,BoardReview CaseBasedLearning ClinicalReasoning Imaging LowerExtremity Mechanism::Chute Orthopedics Pediatrics Region::Bassin Topic::Maltraitance Traumatology
"Enfant de 4ans, qui s’était présenté aux urgences suite à un traumatisme du membre inférieur gauche causé par la chute d’un objet lourd sur sa cuisse. Quel sont les complications à rechercher ?",Réponse Ouverture cutanée : allant de l’ouverture de dedans en dehors en cas de déplacement majeur jusqu’au délabrement avec perte de substance musculo-cutanée. Lésions vasculaires et nerveuses à rechercher systématiquement.,CONDUITE À TENIR EN URGENCE : -Chercher lésions associés et surveillance des constantes vitales. -Pose d’une voie veineuse permettant l’administration d’antalgiques. -Réalisation d’une anesthésie locorégionale de type bloc crural : elle peut être effectuée avant toute autre investigation dès que le diagnostic de fracture du fémur est évoqué. Elle permettra la manipulation et l’installation indolore de l’enfant.,Thèse N°53-18 (FMP Marrakech) — Fractures du membre inférieur de l'enfant,BoardReview CaseBasedLearning ClinicalReasoning Complications LowerExtremity Mechanism::Chute Orthopedics Pediatrics Region::Bassin Topic::FractureOuverte Traumatology
"Enfant de 4ans, qui s’était présenté aux urgences suite à un traumatisme du membre inférieur gauche causé par la chute d’un objet lourd sur sa cuisse. Quels est le traitement ?",Réponse On demande un scanner du bassin [image],"Le traitement orthopédique s’impose chez le petit enfant avant 6 ans car le potentiel de remodelage est important et la consolidation est rapide. Les modalités du traitement orthopédique sont variées, dépendant de l’âge de l’enfant, du type de fracture, et surtout des habitudes du chirurgien qui applique et surveille ce traitement, qui est représenté essentiellement par la traction et l’immobilisation plâtrée d’emblée ou après réduction. -Réduction de la fracture puis immobilisation plâtrée : Elle se réalise sur un cheval à plâtre et nécessite plusieurs aides qui maintiennent l'alignement du membre (ligne passant par l'épine iliaque antéro-supérieure, le bord externe de la rotule, le premier espace interdigital du pied), le genou en légère flexion (15°) et le talon à angle droit. Commencer par une attelle plâtrée postérieure qui renforcera la solidité du plâtre. Ne pas oublier de protéger les plis et les saillies osseuses par du coton. Renforcer au niveau de l'articulation de la hanche par de petites attelles (abaisse-langues, par exemple). Le plâtre doit englober les deux épines iliaques antéro-supérieures, s'appuyer sur le sacrum, dégager l'orifice anal et le périnée. Les orteils sont bien dégagés pour permettre une bonne surveillance du plâtre. La traction collée au zénith C’est un système adhésif, fait d’une large bande de sparadrap, appliqué en U sur les faces interne et externe du membre inférieur, à partir du genou. Sous le pied une planchette est disposée maintenant la bande écartée. Une cordelette de traction y est amarrée. Un système de deux poulies fixées sur un cadre surmontant le lit permet de réaliser une traction convenable dans sa force et sa direction. Le membre est soulevé à la verticale par un poids équivalent au 10ème du poids du corps de l'enfant qui doit soulever la fesse au-dessus du plan de décubitus Des contrôles radiologiques vérifient la qualité de l’alignement. Dès l’apparition du cal sur la radio, la traction est remplacée par un plâtre pelvi-pedieux. L’inconvénient majeur de ces méthodes est de nécessiter une hospitalisation prolongée et une longue éviction scolaire.",Thèse N°53-18 (FMP Marrakech) — Fractures du membre inférieur de l'enfant,BoardReview CaseBasedLearning Imaging LowerExtremity Mechanism::Chute NonOperativeManagement Orthopedics Pediatrics Region::Bassin SurgicalManagement Traumatology
"Enfant de 4ans, qui s’était présenté aux urgences suite à un traumatisme du membre inférieur gauche causé par la chute d’un objet lourd sur sa cuisse. Quelles sont les séquelles possibles ?",Réponse Inégalité de longueur des membres inférieurs. -Cal vicieux . -Pseudarthrose.,Inégalité de longueur des membres inférieurs : surtout si on laisse un chevauchement important ou en cas de réduction parfaite chez le petit enfant (risque d’hypercroissance) Cal vicieux : c’est l’apanage du traitement orthopédique. Les cals vicieux en varus ou en valgus seront d’autant plus tolérés que l’enfant est jeune et donc le potentiel de remodelage résiduel important. Les cals vicieux rotatoires ne se corrigent pas et doivent donc être soigneusement évités par une correction parfaite de la rotation dans le foyer de fracture. Pseudarthrose : rare,Thèse N°53-18 (FMP Marrakech) — Fractures du membre inférieur de l'enfant,BoardReview CaseBasedLearning Complications LowerExtremity Mechanism::Chute NonOperativeManagement Orthopedics Pediatrics Region::Bassin Topic::CalVicieux Topic::Pseudarthrose Traumatology
Patient de 13 ans victime d’un accident de la voie publique avec point d’impact au niveau du genou droit. Le patient avait présenté une impotence fonctionnelle totale du membre inférieur droit et un genou tuméfie. La palpation avait noté la présente d’une douleur exquise au niveau de l’extrémité inférieur du fémur droit Quel est votre diagnostic ?,Réponse Il s’agit d’un décollement épiphysaire type 1 de l’extrémité inférieure du fémur droit,Classification de Salter et Harris : Fracture type 1 : le trait de fracture intéresse exclusivement le cartilage de croissance : il s’agit d’un décollement épiphysaire pur séparant le massif bicondylien de la métaphyse. Fracture type 2 : le trait passe au niveau du cartilage de croissance et de la métaphyse. Il sépare le massif bicondylien en emportant une lame de la métaphyse. Fracture type 3 : le trait de fracture passe au niveau de l’épiphyse et du cartilage de croissance ; c’est un équivalent d’une fracture intercondylienne. Fracture type 4 : le trait de fracture passe au niveau de l’épiphyse de la métaphyse et du cartilage de croissance. Les fractures décollement épiphysaire type I et II sont les plus fréquentes.,Thèse N°53-18 (FMP Marrakech) — Fractures du membre inférieur de l'enfant,CaseBasedLearning ClinicalReasoning GrowthPlate LowerExtremity Mechanism::AVP Orthopedics Pediatrics Region::Femur SalterHarris Topic::DecollementEpiphysaire Traumatology
Patient de 13 ans victime d’un accident de la voie publique avec point d’impact au niveau du genou droit. Le patient avait présenté une impotence fonctionnelle totale du membre inférieur droit et un genou tuméfie. La palpation avait noté la présente d’une douleur exquise au niveau de l’extrémité inférieur du fémur droit Quelle est votre attitude thérapeutique ?,Réponse Réduction de la fracture et embrochage en tour Eiffel puis immobilisation par plâtre cruro pédieux en légère flexion du genou Mise en charge après consolidation.,"Fracture type I et II non déplacée : Immobilisation cruro-pédieuse, directe ou après ostéosynthèse, genou fléchi à 30 degré. Fracture type I et II déplacée : Réduction orthopédique sous anesthésie générale et immobilisation cruro-pédieuse lorsque la réduction est satisfaisante. Dans le cas contraire une réduction chirurgicale s’impose : ostéosynthèse par deux broches Kirchner obliques en croix transfixiant la physe, protégée par une immobilisation cruro-pédieuse post opératoire. Fracture type III et IV : Le plus souvent une réduction chirurgicale s’impose, généralement l’ostéosynthèse sera réalisée par vissage.",Thèse N°53-18 (FMP Marrakech) — Fractures du membre inférieur de l'enfant,CaseBasedLearning GrowthPlate LowerExtremity Mechanism::AVP NonOperativeManagement Orthopedics Pediatrics Region::Femur SalterHarris SurgicalManagement Topic::DecollementEpiphysaire Traumatology
Patient de 13 ans victime d’un accident de la voie publique avec point d’impact au niveau du genou droit. Le patient avait présenté une impotence fonctionnelle totale du membre inférieur droit et un genou tuméfie. La palpation avait noté la présente d’une douleur exquise au niveau de l’extrémité inférieur du fémur droit Quelle est votre attitude post opératoire ?,Réponse Immobilisation plâtrée de 4 à 6 semaines. Contrôle radiographique à J 8 pour guetter un éventuel déplacement secondaire. Reprise de la marche de façon progressive à partir de la 6 ème semaine avec deux cannes béquilles.,,Thèse N°53-18 (FMP Marrakech) — Fractures du membre inférieur de l'enfant,CaseBasedLearning GrowthPlate Imaging LowerExtremity Mechanism::AVP NonOperativeManagement Orthopedics Pediatrics Region::Femur SalterHarris SurgicalManagement Topic::DecollementEpiphysaire Traumatology
Patient de 13 ans victime d’un accident de la voie publique avec point d’impact au niveau du genou droit. Le patient avait présenté une impotence fonctionnelle totale du membre inférieur droit et un genou tuméfie. La palpation avait noté la présente d’une douleur exquise au niveau de l’extrémité inférieur du fémur droit Quelles sont les séquelles possibles ?,Réponse Épiphysiodèse Cal vicieux Raideur articulaire Arthrose précoce,"L’épiphysiodèse est la complication la plus redoutable : Lorsque le pont est central, la conséquence est l’arrêt de la croissance, le raccourcissement est la conséquence d'un traumatisme survenu soit en cours de croissance soit un traumatisme violent avec un déplacement important. Le raccourcissement constitue la complication la plus redoutable. Il est le témoin d'une épiphysiodèse plus ou moins complète du cartilage de croissance. Cette épiphysiodèse peut être définitive et est d’autant plus grave que le décollement survient à un âge plus bas. Lorsque le pont est latéral la conséquence est une déviation axiale. Elle est la conséquence d’une épiphysiodèse incomplète. Au cours des lésions épiphysaires, l'épiphysiodèse s’observe surtout dans les fractures de type III , IV et V de Salter et Harris mais peuvent aussi se rencontrer, bien que plus rarement, dans les lésions de type II.",Thèse N°53-18 (FMP Marrakech) — Fractures du membre inférieur de l'enfant,CaseBasedLearning Complications GrowthPlate LowerExtremity Mechanism::AVP Orthopedics Pediatrics Region::Femur SalterHarris Topic::CalVicieux Topic::DecollementEpiphysaire Traumatology
"Patient de 15 ans, avait été victime d’un accident de la voie publique avec point d’impact au niveau du genou droit. Quel est votre diagnostic ? Interprétez la radiographie [image]",Réponse Il s’agit d’une fracture décollement épiphysaire de l’extrémité inférieur du fémur classée type II de Salter et Harris .,Classification de Salter et Harris : Fracture type 1 : le trait de fracture intéresse exclusivement le cartilage de croissance : il s’agit d’un décollement épiphysaire pur séparant le massif bicondylien de la métaphyse. Fracture type 2 : le trait passe au niveau du cartilage de croissance et de la métaphyse. Il sépare le massif bicondylien en emportant une lame de la métaphyse. Fracture type 3 : le trait de fracture passe au niveau de l’épiphyse et du cartilage de croissance ; c’est un équivalent d’une fracture intercondylienne. Fracture type 4 : le trait de fracture passe au niveau de l’épiphyse de la métaphyse et du cartilage de croissance. Les fractures décollement épiphysaire type I et II sont les plus fréquentes.,Thèse N°53-18 (FMP Marrakech) — Fractures du membre inférieur de l'enfant,CaseBasedLearning ClinicalReasoning GrowthPlate Imaging LowerExtremity Mechanism::AVP Orthopedics Pediatrics Region::Femur SalterHarris Topic::DecollementEpiphysaire Traumatology
"Patient de 15 ans, avait été victime d’un accident de la voie publique avec point d’impact au niveau du genou droit. Quelles sont les complications à rechercher ?",Réponse -Atteinte de l’artère poplitée -Atteinte du nerf péronier -L’ouverture cutanée,"Atteinte de l’artère poplitée : rare et représente 1% des accidents. En cas de persistance des signes d’ischémie après réduction, l’exploration chirurgicale s’impose. Atteinte du nerf péronier survient dans 3% des cas.",Thèse N°53-18 (FMP Marrakech) — Fractures du membre inférieur de l'enfant,CaseBasedLearning Complications GrowthPlate LowerExtremity Mechanism::AVP Orthopedics Pediatrics Region::Femur SalterHarris SurgicalManagement Topic::DecollementEpiphysaire Topic::FractureOuverte Topic::Neurovasculaire Traumatology
"Patient de 15 ans, avait été victime d’un accident de la voie publique avec point d’impact au niveau du genou droit. Quel traitement proposez vous ?","Réponse Sous anesthésie générale, au bloc opératoire, réduction à ciel fermé du foyer de fracture et fixation par vissage puis immobilisation par genouillère plâtrée pendant 4 à 6 semaines. [image][image]","Fracture type I et II non déplacée : Immobilisation cruro-pédieuse, directe ou après ostéosynthèse, genou fléchi à 30 degré. Fracture type I et II déplacée : Réduction orthopédique sous anesthésie générale et immobilisation cruro-pédieuse lorsque la réduction est satisfaisante. Dans le cas contraire une réduction chirurgicale s’impose : ostéosynthèse par deux broches Kirchner obliques en croix transfixiant la physe, protégée par une immobilisation cruro-pédieuse post opératoire. Fracture type III et IV : Le plus souvent une réduction chirurgicale s’impose, généralement l’ostéosynthèse sera réalisée par vissage.",Thèse N°53-18 (FMP Marrakech) — Fractures du membre inférieur de l'enfant,CaseBasedLearning GrowthPlate LowerExtremity Mechanism::AVP NonOperativeManagement Orthopedics Pediatrics Region::Femur SalterHarris SurgicalManagement Topic::DecollementEpiphysaire Traumatology
"Patient de 15 ans, avait été victime d’un accident de la voie publique avec point d’impact au niveau du genou droit. Quelle est la séquelle la plus redoutable ?",Réponse Il s’agit de l’épiphysiodèse qui se complique soit de désaxation soit d’inégalité de longueur des membres.,"Lorsque le pont est central, la conséquence est l’arrêt de la croissance, le raccourcissement est la conséquence d'un traumatisme survenu soit en cours de croissance soit un traumatisme violent avec un déplacement important. Le raccourcissement constitue la complication la plus redoutable. Il est le témoin d'une épiphysiodèse plus ou moins complète du cartilage de croissance. Cette épiphysiodèse peut être définitive et est d’autant plus grave que le décollement survient à un âge plus bas. Lorsque le pont est latéral la conséquence est une déviation axiale. Elle est la conséquence d’une épiphysiodèse incomplète. Au cours des lésions épiphysaires, l'épiphysiodèse s’observe surtout dans les fractures de type IV et V de Salter et Harris mais peuvent aussi se rencontrer, bien que plus rarement, dans les lésions de type III.",Thèse N°53-18 (FMP Marrakech) — Fractures du membre inférieur de l'enfant,CaseBasedLearning Complications GrowthPlate LowerExtremity Mechanism::AVP Orthopedics Pediatrics Region::Femur SalterHarris Topic::DecollementEpiphysaire Traumatology
"Patient de 14 ans, sans antécédents particuliers, avait été victime d’un traumatisme au niveau du genou droit lors d’un accident de la voie publique. Quel est votre diagnostic ? [image]",Réponse C’est une fracture décollement épiphysaire type II de Salter et Harris de l’extrémité supérieure du tibia droit.,,Thèse N°53-18 (FMP Marrakech) — Fractures du membre inférieur de l'enfant,CaseBasedLearning ClinicalReasoning GrowthPlate Imaging LowerExtremity Mechanism::AVP Orthopedics Pediatrics Region::Jambe SalterHarris Topic::DecollementEpiphysaire Traumatology
"Patient de 14 ans, sans antécédents particuliers, avait été victime d’un traumatisme au niveau du genou droit lors d’un accident de la voie publique. Quelles sont les complications à rechercher en urgence ?",Réponse Il faudra rechercher systématiquement : Une lésion de l’artère poplitée ou l’une de ses branches. Une lésion du nerf tibial ou nerf fibulaire commun. Une ouverture cutanée. Une lésion ligamentaire associée.,-Atteinte de l’artère poplitée ou l’une de ses branches est évaluée à 10% : il faudra rechercher les pouls avant et après toute manœuvre de réduction. -Lésion ligamentaire associée dans 50% des cas : touchant le ligament collatéral médial ou le ligament croisé antérieur. -Lésions neurologiques : les lésions du nerf tibial et du nerf fibulaire commun sont rares mais devront être recherchées systématiquement. -Ouverture cutanée.,Thèse N°53-18 (FMP Marrakech) — Fractures du membre inférieur de l'enfant,CaseBasedLearning Complications GrowthPlate LowerExtremity Mechanism::AVP Orthopedics Pediatrics Region::Jambe SalterHarris Topic::DecollementEpiphysaire Topic::FractureOuverte Topic::Neurovasculaire Traumatology
"Patient de 14 ans, sans antécédents particuliers, avait été victime d’un traumatisme au niveau du genou droit lors d’un accident de la voie publique. Quel traitement préconisez vous ?","Réponse Sous anesthésie générale, réduction à ciel fermé et vissage percutané suivi d’une immobilisation par plâtre cruro-pédieux. [image]","En présence de signes d’ischémie distale, la réduction sous anesthésie générale voire l’exploration sont une urgence absolue. De même les fractures très déplacées devront être réduites rapidement même en l’absence de complications vasculo-nerveuses initiales. Les fractures type I et II de Salter et Harris : Traitement orthopédique par immobilisation cruro-pédieuse après réduction sous anesthésie générale. En l’absence de réduction satisfaisante un abord chirurgical sera nécessaire : ostéosynthèse en croix ou vissage puis immobilisation cruro-pédieuse. Les fractures type III ou IV de Salter et Harris : -Réduction anatomique généralement par arthrotomie. -Ostéosynthèse par vissage ou embrochage. -Lorsque la croissance résiduelle est non négligeable, l’ostéosynthèse respectera tant que possible le cartilage de croissance. Il faudra évacuer les hémarthroses afin de soulager le patient.",Thèse N°53-18 (FMP Marrakech) — Fractures du membre inférieur de l'enfant,CaseBasedLearning Complications GrowthPlate LowerExtremity Mechanism::AVP NonOperativeManagement Orthopedics Pediatrics Region::Jambe SalterHarris SurgicalManagement Topic::DecollementEpiphysaire Traumatology
"Patient de 14 ans, sans antécédents particuliers, avait été victime d’un traumatisme au niveau du genou droit lors d’un accident de la voie publique. Quelles sont les séquelles possibles ?",Réponse -Epiphysiodèse. -cal vicieux. -Raideur articulaire. -Gonarthrose.,"Epiphysiodèse : une lésion du cartilage de croissance occasionnera des troubles de la croissance à type de déviations axiales (tibia vara, valga, recurvatum) voire une inégalité de longueur des membres. - Raideur articulaire : cette séquelle relativement fréquente en cas de fracture articulaire sera prévenue par une réduction anatomique et une rééducation appropriée après l’immobilisation. - Gonarthrose : Les fractures type III et IV ont un potentiel arthrogène.",Thèse N°53-18 (FMP Marrakech) — Fractures du membre inférieur de l'enfant,CaseBasedLearning Complications GrowthPlate LowerExtremity Mechanism::AVP NonOperativeManagement Orthopedics Pediatrics Region::Jambe SalterHarris Topic::CalVicieux Topic::DecollementEpiphysaire Traumatology
"Enfant de 12 ans, s’était présenté aux urgences pour traumatisme du genou gauche lors d’un accident de sport. Quel est votre diagnostic ? Interprétez la radiographie [image]",Réponse Il s’agit d’une fracture transversale de la rotule classée type I de Duparc.,"La fracture de rotule est une pathologie rare voir exceptionnelle chez l’enfant, le plus souvent secondaire à un traumatisme direct : accident de sport ou de la voie publique.",Thèse N°53-18 (FMP Marrakech) — Fractures du membre inférieur de l'enfant,BoardReview CaseBasedLearning ClinicalReasoning Imaging LowerExtremity Mechanism::Sport Orthopedics Pediatrics Region::Genou Traumatology
"Enfant de 12 ans, s’était présenté aux urgences pour traumatisme du genou gauche lors d’un accident de sport. Quelle est votre attitude thérapeutique ?",Réponse Sous anesthésie générale au bloc opératoire : réduction chirurgicale à ciel ouvert et ostéosynthèse par cerclage haubanage. [image],Le traitement des fractures sans rupture de l’appareil extenseur consistent en une immobilisation cruro-malléolaire allant de 4 à 6 semaines. Pour les fractures avec rupture de l’appareil extenseur mais sans déplacement on optera soit pour l’immobilisation cruro-malléolaire soit pour une ostéosynthèse par vis. Pour les fractures avec rupture de l’appareil extenseur avec déplacement le traitement est chirurgical ; l’ostéosynthèse se fera par embrochage et haubanage,Thèse N°53-18 (FMP Marrakech) — Fractures du membre inférieur de l'enfant,BoardReview CaseBasedLearning LowerExtremity Mechanism::Sport NonOperativeManagement Orthopedics Pediatrics Region::Genou SurgicalManagement Traumatology
"Enfant de 12 ans, s’était présenté aux urgences pour traumatisme du genou gauche lors d’un accident de sport. Quelles sont les mesures associées et les suites post opératoires ?",Réponse -Immobilisation cruro-malléolaire. -Contrôle radiographique sous plâtre à j8 et j15. -Pas d’activité sportive durant 3 mois. -Possible rééducation après immobilisation afin de récupérer les amplitudes articulaires.,,Thèse N°53-18 (FMP Marrakech) — Fractures du membre inférieur de l'enfant,BoardReview CaseBasedLearning Imaging LowerExtremity Mechanism::Sport NonOperativeManagement Orthopedics Pediatrics Region::Genou SurgicalManagement Traumatology
"Enfant de 12 ans, s’était présenté aux urgences pour traumatisme du genou gauche lors d’un accident de sport. Quelles sont les séquelles possibles ?",Réponse -Patella alta : rotule haute -Insuffisance quadricipitale. -Lésios ostéo-cartilagineuses fémoro-patellaire et gonarthrose précoce,,Thèse N°53-18 (FMP Marrakech) — Fractures du membre inférieur de l'enfant,BoardReview CaseBasedLearning Complications LowerExtremity Mechanism::Sport Orthopedics Pediatrics Region::Genou Traumatology
"Patient de 14 ans, sans antécédents particuliers, victime d’un traumatisme du genou lors d’un accident de la voie publique. Quel est votre diagnostic ? Interprétez la radiographie [image][image]",Réponse Fracture de l’épine tibiale type 4.,"La fracture des épines tibiales est relativement rare, son incidence est de 3 cas/100.000 fractures de l’enfant, les adolescents sportifs entre 8 et 17 ans étant plus exposés. Le fragment détaché correspond à la zone d’insertion osseuse du ligament croisé antérieur.",Thèse N°53-18 (FMP Marrakech) — Fractures du membre inférieur de l'enfant,BoardReview CaseBasedLearning ClinicalReasoning Imaging LowerExtremity Mechanism::AVP Orthopedics Pediatrics Region::Genou Traumatology
"Patient de 14 ans, sans antécédents particuliers, victime d’un traumatisme du genou lors d’un accident de la voie publique. Quel autre examen paraclinique demandez vous ?",Réponse un scanner du genou. [image],,Thèse N°53-18 (FMP Marrakech) — Fractures du membre inférieur de l'enfant,BoardReview CaseBasedLearning Imaging LowerExtremity Mechanism::AVP Orthopedics Pediatrics Region::Genou Traumatology
"Patient de 14 ans, sans antécédents particuliers, victime d’un traumatisme du genou lors d’un accident de la voie publique. Quel est le traitement?","Réponse Au bloc opératoire, sous anesthésie générale, réduction du foyer et fixation par deux vis canulées. [image]","Fracture type 1 : Traitement orthopédique par immobilisation cruro-pédieuse genou en extension. Fracture type 2 : Réduction sous anesthésie générale par extension du genou puis immobilisation cruro-pédieuse genou en extension. Traitement chirurgical si traitement orthopédique inefficace. Fracture type 3 et 4 : Réduction et ostéosynthèse chirurgicale par arthroscopie ou arthrotomie puis immobilisation cruro-pédieuse genou à 20 degré de flexion. Plusieurs types d’ostéosynthèse ont été décrits à savoir l’ostéo-suture par du fil résorbable, le fil d’acier et le vissage",Thèse N°53-18 (FMP Marrakech) — Fractures du membre inférieur de l'enfant,BoardReview CaseBasedLearning LowerExtremity Mechanism::AVP NonOperativeManagement Orthopedics Pediatrics Region::Genou SurgicalManagement Traumatology
"Patient de 14 ans, sans antécédents particuliers, victime d’un traumatisme du genou lors d’un accident de la voie publique. Quelles sont les complications possibles ?",Réponse Lésions ligamentaires associées. Lésions méniscales associées.,,Thèse N°53-18 (FMP Marrakech) — Fractures du membre inférieur de l'enfant,BoardReview CaseBasedLearning Complications LowerExtremity Mechanism::AVP Orthopedics Pediatrics Region::Genou Traumatology
"Patient de 14 ans, sans antécédents particuliers, victime d’un traumatisme du genou lors d’un accident de la voie publique. Quelles sont les séquelles possibles ?",Réponse Lésions ligamentaires associées. Lésions méniscales associées. Laxité résiduelle par distension du LCA ou par réduction insuffisante. Diminution des amplitudes articulaires du genou après immobilisation prolongée ou par réduction insuffisante.,,Thèse N°53-18 (FMP Marrakech) — Fractures du membre inférieur de l'enfant,BoardReview CaseBasedLearning Complications LowerExtremity Mechanism::AVP NonOperativeManagement Orthopedics Pediatrics Region::Genou Traumatology
"Patient de 15 ans, sans antécédents pathologiques particuliers, s’était présenté aux urgences suite à un traumatisme du genou gauche lors d’un accident de sport. Interprétez la radiographie. Quel est votre diagnostic ? [image]",Réponse Radiographies de profil de genou gauche d’un garçon de 15 ans objectivant une fracture de la tubérosité tibiale antérieure classée stade II d’Ogden.,Classification des fractures de la tubérosité tibiale antérieure selon Odgen : Type I : Avulsion simple du centre d’ossification. : non déplacée. : déplacée. Type II : : Séparation de la tubérosité tibiale antérieure. : Communition du centre d’ossification. Type III : : Extension du trait de fracture à l’articulation du genou. : Communition du fragment.,Thèse N°53-18 (FMP Marrakech) — Fractures du membre inférieur de l'enfant,BoardReview CaseBasedLearning ClinicalReasoning Imaging LowerExtremity Mechanism::Sport Orthopedics Pediatrics Region::Genou Traumatology
"Patient de 15 ans, sans antécédents pathologiques particuliers, s’était présenté aux urgences suite à un traumatisme du genou gauche lors d’un accident de sport. Quelle est votre attitude thérapeutique ?","Réponse Au bloc opératoire, réduction et par vissage puis immobilisation par plâtre cruropédieux pendant 4 à 6 semaines. [image]",,Thèse N°53-18 (FMP Marrakech) — Fractures du membre inférieur de l'enfant,BoardReview CaseBasedLearning LowerExtremity Mechanism::Sport NonOperativeManagement Orthopedics Pediatrics Region::Genou SurgicalManagement Traumatology
"Patient de 15 ans, sans antécédents pathologiques particuliers, s’était présenté aux urgences suite à un traumatisme du genou gauche lors d’un accident de sport. Quelles sont les complications possibles ?",Réponse -L’évolution en recurvatum est exceptionnelle car ces lésions surviennent chez des adolescents en fin de croissance. -Des syndromes de loge ont été décrits justifiant une surveillance post opératoire attentive. Le pronostic est excellent.,,Thèse N°53-18 (FMP Marrakech) — Fractures du membre inférieur de l'enfant,BoardReview CaseBasedLearning Complications LowerExtremity Mechanism::Sport Orthopedics Pediatrics Region::Genou SurgicalManagement Traumatology
"Enfant de 5 ans, sans antécédents pathologiques particuliers, avait été ramené aux urgences suite à un traumatisme ouvert de la jambe droite secondaire à un accident de la voie publique (piéton heurté par voiture). Quels sont les soins à prodiguer en urgence ?","Réponse Conduite thérapeutique en urgence : premier parage aux urgences, lavage abondant au sérum physiologique, ablation des corps étrangers sérum antitétanique, traitement antalgique: paracétamol à raison de 60 mg/kg/j par voie rectale, anti-inflammatoires non stéroïdiens (AINS): Acide niflurique, antibiothérapie parentérale en intraveineuse, bactéricide débutée immédiatement en monothérapie immobilisation temporaire du foyer de fracture dans une attelle, demander une radiographie de la jambe laisser l’enfant à jeun","Prévention antitétanique : La prophylaxie antitétanique est obligatoire pour toute fracture ouverte, sauf cas de vaccination dument prouvée par le carnet de vaccination, datant de moins de 5 ans. Dans le cas d’une plaie très contaminée ou vaccination datant de 5 à 10 ans un rappel vaccinal est indiqué. Si l’immunisation date de plus de 10 ans, ou jamais effectuée, une immunothérapie avec vaccination sera indiquée. Lavage : Le lavage doit être entrepris en urgence dès l’admission de l’enfant. Ce temps comprend un savonnage avec rinçage et séchage des zones atteintes et saines au-dessus et au-dessous de la plaie. Parage : Temps important de la prise en charge des fractures ouvertes, consiste à l’ablation des tissus dévitalisés, il concerne le tissu cutané, sous cutané, fascias et muscles. Le parage du segment jambier doit être longitudinal et si possible en ellipse, de la superficie à la profondeur, le parage doit être complet mais économe, toute la graisse dévitalisée ou douteuse doit être excisée, tous les fragments osseux libres dévascularisés doivent être réséqués. Références AFIF. Les Fracture de jambe chez l’enfant. Thèse doctorat médecine, Marrakech, 2012 Chotel F, Bereard J, Parot R. Fractures de jambe. In: Clavert JM, Karger C, Lascombes P, Ligier JN, Métaizeau JP, editors. Fractures de l’enfant. Monographie du GEOP. Montpellier : Sauramps médical ; 2002. Fracture ouverte de jambe chez l’enfant. Thèse doctorat médecine, Rabat,2008,131 pages Peter G.Hope ,William G. Cole. Open fractures of the tibia in children. J Bone joint surg Br 1992;74-B:546-53 Irwin , P. Gipson and P. Asheroft. Open fractures of the tibia in children. Injury, 1995,Vol.26,21-24, January J Stewart, G. Tytherleigh-strong, S.Brahathwaj and AA.Quaba . The soft tissu management of children’s open tibial fractures. J.R. Coll surg Edimb.44,Feb 1999.24-30 G Jones, R.D.D. Duncan. Open tibial fractures in children under 13 years of age: 10 years experience. Injury, Int. J. care Injured 34 (2003) 776-780 Adnan A. Faraj Anthony T . Study of twenty-seven paediatric patients with open tibial fractures: the role of definitive skeletal stabilization. Chinese medical journal (Taipei) 2002;65:453-456",Thèse N°53-18 (FMP Marrakech) — Fractures du membre inférieur de l'enfant,CaseBasedLearning Complications Imaging LowerExtremity Mechanism::AVP NonOperativeManagement Orthopedics Pediatrics Region::Jambe Topic::FractureOuverte Traumatology
"Enfant de 5 ans, sans antécédents pathologiques particuliers, avait été ramené aux urgences suite à un traumatisme ouvert de la jambe droite secondaire à un accident de la voie publique (piéton heurté par voiture). Quel est votre diagnostic ? Interprétez la radiographie [image]",Réponse Il s’agit d’une fracture ouverte du 1/3 distal des deux os de la jambe gauche légèrement déplacée,,Thèse N°53-18 (FMP Marrakech) — Fractures du membre inférieur de l'enfant,CaseBasedLearning ClinicalReasoning Complications Imaging LowerExtremity Mechanism::AVP Orthopedics Pediatrics Region::Jambe Topic::FractureOuverte Traumatology
"Enfant de 5 ans, sans antécédents pathologiques particuliers, avait été ramené aux urgences suite à un traumatisme ouvert de la jambe droite secondaire à un accident de la voie publique (piéton heurté par voiture). Quel traitement proposez vous ?","Réponse Vu l’ouverture cutanée, on propose un traitement chirurgical : sous anesthésie générale : ablation des corps étrangers, brossage de la plaie à l’eau oxygénée, lavage abondant au sérum physiologique, parage, suture et pansement antiseptique, excision plan par plan des tissus dévitalisés, fermeture cutanée sans tension, réduction manuelle sous contrôle scopique à l’amplificateur de brillance, contention du foyer de fracture par un fixateur externe. [image]",,Thèse N°53-18 (FMP Marrakech) — Fractures du membre inférieur de l'enfant,CaseBasedLearning Complications LowerExtremity Mechanism::AVP NonOperativeManagement Orthopedics Pediatrics Region::Jambe SurgicalManagement Topic::FractureOuverte Traumatology
"Enfant de 5 ans, sans antécédents pathologiques particuliers, avait été ramené aux urgences suite à un traumatisme ouvert de la jambe droite secondaire à un accident de la voie publique (piéton heurté par voiture). Quelles sont les complications à craindre ?","Réponse Réponse : Différents types de complications peuvent survenir dans le temps : Les complications précoces locales : le syndrome ischémique post-traumatique des loges de la jambe. C’est un œdème post-traumatique à l’origine d’une hyperpression dans les loges aponévrotiques de la jambe, responsable d’une ischémie tissulaire. Le diagnostic est évoqué devant des douleurs insupportables de la jambe à type de brûlures, une jambe turgescente et gonflée, une tension douloureuse des masses musculaires de la loge ischémique avec déficit sensitivomoteur (sciatique poplité externe +++). Aucun examen complémentaire n’est nécessaire au diagnostic et ne doit retarder le traitement +++. Ce dernier est une urgence thérapeutique +++. On procède à une ablation du plâtre et à une aponévrotomie de décharge des 3 loges de la jambe. Le patient est prévenu du risque des séquelles neurologiques. Les complications secondaires locales : -Complications cutanées : -Nécrose cutanée avec ouverture cutanée secondaire +++, -Porte d’entrée à l’infection secondaire, -Infection locale. -Déplacement secondaire : surtout pour les fractures traitées orthopédiquement. Les complications tardives : -retard de consolidation, -pseudarthrose aseptique, -ostéite chronique, -pseudarthrose septique, -cal vicieux",,Thèse N°53-18 (FMP Marrakech) — Fractures du membre inférieur de l'enfant,CaseBasedLearning ClinicalReasoning Complications LowerExtremity Mechanism::AVP NonOperativeManagement Orthopedics Pediatrics Region::Jambe Topic::CalVicieux Topic::FractureOuverte Topic::Neurovasculaire Topic::Pseudarthrose Traumatology
"Enfant de 6 ans, sans antécédents pathologiques particuliers, s’était présenté aux urgences suite à un traumatisme ouvert de la jambe gauche secondaire à un accident de la voie publique. Quel est le votre diagnostic ? [image][image]","Réponse Fracture du tiers inférieur de la jambe avec perte de substance cutanée et osseuse, classée Cauchoix III. Références AFIF. Les Fracture de jambe chez l’enfant. Thèse doctorat médecine, Marrakech, 2012 Chotel F, Bereard J, Parot R. Fractures de jambe. In: Clavert JM, Karger C, Lascombes P, Ligier JN, Métaizeau JP, editors. Fractures de l’enfant. Monographie du GEOP. Montpellier : Sauramps médical ; 2002. Fracture ouverte de jambe chez l’enfant. Thèse doctorat médecine, Rabat,2008,131 pages Peter G.Hope ,William G. Cole. Open fractures of the tibia in children. J Bone joint surg Br 1992;74-B:546-53 Irwin , P. Gipson and P. Asheroft. Open fractures of the tibia in children. Injury, 1995,Vol.26,21-24, January J Stewart, G. Tytherleigh-strong, S.Brahathwaj and AA.Quaba . The soft tissu management of children’s open tibial fractures. J.R. Coll surg Edimb.44,Feb 1999.24-30 G Jones, R.D.D. Duncan. Open tibial fractures in children under 13 years of age: 10 years experience. Injury, Int. J. care Injured 34 (2003) 776-780 Adnan A. Faraj Anthony T . Study of twenty-seven paediatric patients with open tibial fractures: the role of definitive skeletal stabilization. Chinese medical journal (Taipei) 2002;65:453-456","Classification de Cauchoix & Duparc : -classification fondée sur l’importance de l’ouverture cutanée qui met le foyer de fracture en communication avec l’extérieur, -évaluation instantanée sans signification évolutive +++, -elle ne tient pas compte des lésions sous-jacentes +++ (Une fracture évaluée Cauchoix II aux urgences peut être évaluée Cauchoix III après parage au bloc opératoire). CLASSIFICATION CORRESPONDANCE ANATOMO-PATHOLOGIQUE CAUCHOIX I o - Ouverture simple : Plaie ponctiforme ou linéaire, o - Sans décollement sous-cutané, ni contusion, o - Ouverture typiquement de dedans en dehors, o - Suturable sans tension après parage chirurgical, o - Traitement de la fracture et pronostic identiques à ceux des fractures fermées. CAUCHOIX II o - Plaie large associée à une contusion et/ou un décollement, o - sous –cutané, et/ou délimitant des lambeaux de vitalité douteuse, o - Suturable après parage chirurgical, o - Risque élevé de nécrose et d’ouverture cutanée en regard du foyer de fracture. CAUCHOIX III o - Perte de substance limitée ou étendue, cutanée et/ou musculo-aponévrotique. o - D’origine traumatique ou secondaire au parage chirurgical, o - Non suturable.",Thèse N°53-18 (FMP Marrakech) — Fractures du membre inférieur de l'enfant,CaseBasedLearning ClinicalReasoning Complications Imaging LowerExtremity Mechanism::AVP Orthopedics Pediatrics Region::Jambe SurgicalManagement Topic::FractureOuverte Traumatology
"Enfant de 6 ans, sans antécédents pathologiques particuliers, s’était présenté aux urgences suite à un traumatisme ouvert de la jambe gauche secondaire à un accident de la voie publique. Quelle est votre conduite à tenir en urgence ?","Réponse Conduite thérapeutique en urgence : premier parage aux urgences, lavage abondant au sérum physiologique, ablation des corps étrangers sérum antitétanique, traitement antalgique: paracétamol à raison de 60 mg/kg/j par voie rectale, anti-inflammatoires non stéroïdiens (AINS): Acide niflurique, antibiothérapie parentérale en intraveineuse, bactéricide débutée immédiatement en monothérapie immobilisation temporaire du foyer de fracture dans une attelle, demander une radiographie de la jambe laisser l’enfant à jeun",,Thèse N°53-18 (FMP Marrakech) — Fractures du membre inférieur de l'enfant,CaseBasedLearning Complications Imaging LowerExtremity Mechanism::AVP NonOperativeManagement Orthopedics Pediatrics Region::Jambe Topic::FractureOuverte Traumatology
"Enfant de 6 ans, sans antécédents pathologiques particuliers, s’était présenté aux urgences suite à un traumatisme ouvert de la jambe gauche secondaire à un accident de la voie publique. Quelle est votre attitude thérapeutique ?","Réponse Vu l’ouverture cutanée, on propose un traitement chirurgical : sous anesthésie générale, excision plan par plan des tissus voués à la nécrose, fermeture cutanée sans tension, réduction manuelle sous contrôle scopique à l’amplificateur de brillance, contention du foyer de fracture par un fixateur externe. confection d’un lambeau fascio-cutané en cross-leg. [image][image]",,Thèse N°53-18 (FMP Marrakech) — Fractures du membre inférieur de l'enfant,CaseBasedLearning Complications LowerExtremity Mechanism::AVP NonOperativeManagement Orthopedics Pediatrics Region::Jambe SurgicalManagement Topic::FractureOuverte Traumatology
Enfant de 6 ans s’était présenté aux urgences suite à un accident de la voie publique à point d’impact au niveau de la jambe gauche. Quel est votre diagnostic ? [image][image],Réponse Fracture des deux os de la jambe a trait transversal avec déplacement externe sans angulation,"Les fractures de jambe sont une localisation fréquente des fractures de l’enfant. Elles représentent la troisième localisation fracturaire après les fractures du fémur et de l’avant bras. Elles touchent le garçon dans 70 % des cas, vers l'âge de 8 ans. Leur prévalence est en augmentation en rapport surtout avec les accidents de la voie publique et les traumatismes sportifs. Dans 70 % des cas seul le tibia est fracturé.",Thèse N°53-18 (FMP Marrakech) — Fractures du membre inférieur de l'enfant,CaseBasedLearning ClinicalReasoning Imaging LowerExtremity Mechanism::AVP Orthopedics Pediatrics Region::Jambe Traumatology
Enfant de 6 ans s’était présenté aux urgences suite à un accident de la voie publique à point d’impact au niveau de la jambe gauche. Que faut-il rechercher systématiquement ?,Réponse -Ouverture cutanée. -Lésions vasculaires : lésion de l’artère tibiale antérieure ou postérieure. Toute ischémie constatée constitue une extrême urgence de prise en charge. -Lésions nerveuses : nerf fibulaire commun ou ses branches et le nerf tibial.,,Thèse N°53-18 (FMP Marrakech) — Fractures du membre inférieur de l'enfant,CaseBasedLearning Complications LowerExtremity Mechanism::AVP Orthopedics Pediatrics Region::Jambe Topic::FractureOuverte Traumatology
Enfant de 6 ans s’était présenté aux urgences suite à un accident de la voie publique à point d’impact au niveau de la jambe gauche. Quel est votre traitement ?,Réponse On procède à une réduction manuelle au bloc opératoire sous anesthésie générale avec contrôle scopique sous amplificateur de brillance puis à une immobilisation plâtrée : on confectionne un plâtre cruro-pédieux que le patient gardera pendant 3 mois.,"La fracture de jambe de l’enfant reste d’une pratique courante en traumatologie infantile. Généralement bénigne, son traitement doit rester aussi orthopédique que possible et tenir compte des possibilités de remodelage que procure le jeune âge de ces blessés. La réduction d’une fracture déplacée est effectuée sous anesthésie générale, jambe pendante au bord de la table. Après vérification radiologique de l’alignement, un plâtre cruro-pédieux est immédiatement confectionné, genou fléchi, cheville à angle droit ou même en équin pour éviter le recurvatum du foyer de fracture. Le membre inférieur est surélevé pendant 48 heures et béquillage sans appui autorisé en fonction de l’âge de l’enfant. La confection du plâtre cruro-pédieux mobilise un aide. Le jersey protecteur ne doit ni plisser, ni être un facteur de compression supplémentaire. Une seule couche de coton est appliquée sur toute la longueur avec une discrète tension et renforcée sur le péroné proximal (protection du nerf sciatique poplité externe). L'épaisseur du Jersey peut être doublée, voire triplée sans mettre de coton. L'aide ne doit pas tracter le pied par le Jersey (risque escarre talon). La cheville doit être immobilisée en légère équin de 20° (détente du triceps sural) dans les fractures des 1/3 moyen et distal, et 10° pour les fractures du 1/3 proximal (prévention de déformation secondaire en recurvatum). Le plâtre est préféré à la résine : il doit être soigneusement moulé, en immobilisant en premier le segment jambier. Puis le plâtre est complété en cruro-pédieux genou en flexion à 45° environ, pour mieux contrôler la rotation et éviter une remise en charge prématurée. La durée d’immobilisation est de l'ordre de 8 à 16 semaines chez l'adolescent.",Thèse N°53-18 (FMP Marrakech) — Fractures du membre inférieur de l'enfant,CaseBasedLearning Complications LowerExtremity Mechanism::AVP NonOperativeManagement Orthopedics Pediatrics Region::Jambe SurgicalManagement Topic::Neurovasculaire Traumatology
Enfant de 6 ans s’était présenté aux urgences suite à un accident de la voie publique à point d’impact au niveau de la jambe gauche. Quelle est la principale complication à guetter ?,Réponse Syndrome de loge : il est toujours redouté lors des fractures de jambe. Ce risque justifie une surveillance accrue lors des premières heures après la fracture et après le traitement.,"Les signes à rechercher sont : Douleur en particulier des extrémités : à elle seule, elle doit faire suspecter ce diagnostic et débuter sa prise en charge en extrême urgence. Paresthésies, anesthésie et des signes moteurs pouvant aller jusqu’à la paralysie complète. Puis tardivement s’installent des signes d’ischémie : L’abolition des pouls est tardive et ne doit pas retarder le traitement.",Thèse N°53-18 (FMP Marrakech) — Fractures du membre inférieur de l'enfant,CaseBasedLearning ClinicalReasoning Complications LowerExtremity Mechanism::AVP Orthopedics Pediatrics Region::Jambe Topic::Neurovasculaire Topic::SyndromeDeLoge Traumatology
"Enfant de 7 ans, victime d’un accident de la voie publique : le patient avait été heurté par une moto avec point d’impact cranio-facial et membre inférieur gauche. Quelle est votre conduite à tenir en urgence ?","Réponse Tout d’abord, il faut reconnaître et traiter les 3 urgences vitales : Cardio circulatoire · É TAT DE CHOC dû à une lésion hémorragique interne ou extériorisée. · DIAGNOSTIC POSITIF : o pâleur des téguments, marbrures des genoux, o pouls rapide et filant, temps de recoloration cutanée allongé, tension artérielle abaissée avec pincement de la différentielle. · CONDUITE À TENIR : o oxygénothérapie au masque voire intubation trachéale et ventilation, o mise en place de deux voies d’abord veineux périphériques de gros calibre, o restauration de la volémie par remplissage vasculaire, o massage cardiaque en cas d’arrêt cardio-circulatoire. Respiratoire · DIAGNOSTIC POSITIF : o Agitation, polypnée ou bradypnée, signes de lutte ou d’encombrement, cyanose. · CONDUITE À TENIR : o Libération des voies aériennes supérieures (extraction d’un corps étranger, prévention de la chute en arrière de la langue par sub-luxation de la mandibule). o Intubation trachéale et ventilation, rachis cervical en rectitude. Neurologique · É tat de conscience (score de Glasgow), réflexe photo- moteur, motilité spontanée. e.","Après avoir éliminé une urgence vitale cardio-circulatoire, respiratoire et neurologique, on procède à un examen physique complet et à un bilan lésionnel paraclinique initial : TDM cranio-faciale, radiographie du rachis, échographie abdominale, radiographie du bassin et radiographie de la jambe. Le reste du bilan sera réalisé en fonction de l’état du patient. On immobilise le membre inférieur gauche par une attelle plâtrée. Par la suite, on administre un traitement antalgique simple périphérique à base de paracétamol (60 mg/kg/j, par voie rectale) et d’anti-inflammatoires non stéroïdiens (Acide niflurique).",Thèse N°53-18 (FMP Marrakech) — Fractures du membre inférieur de l'enfant,BoardReview CaseBasedLearning ClinicalReasoning Imaging LowerExtremity Mechanism::AVP NonOperativeManagement Orthopedics Pediatrics Region::Genou Traumatology
"Enfant de 7 ans, victime d’un accident de la voie publique : le patient avait été heurté par une moto avec point d’impact cranio-facial et membre inférieur gauche. Quel est votre diagnostic ? Interprétez la radiographie",Réponse C’est une fracture médio-diaphysaire à trait transversal du tibia gauche.,,Thèse N°53-18 (FMP Marrakech) — Fractures du membre inférieur de l'enfant,BoardReview CaseBasedLearning ClinicalReasoning Imaging LowerExtremity Mechanism::AVP Orthopedics Pediatrics Region::Genou Traumatology
"Enfant de 7 ans, victime d’un accident de la voie publique : le patient avait été heurté par une moto avec point d’impact cranio-facial et membre inférieur gauche. Que faut-il rechercher systématiquement ?",Réponse -Ouverture cutanée. -Lésions vasculaires : lésion de l’artère tibiale antérieure ou postérieure. Toute ischémie constatée constitue une extrême urgence de prise en charge. -Lésions nerveuses : nerf fibulaire commun ou ses branches et le nerf tibial.,,Thèse N°53-18 (FMP Marrakech) — Fractures du membre inférieur de l'enfant,BoardReview CaseBasedLearning Complications LowerExtremity Mechanism::AVP Orthopedics Pediatrics Region::Genou Topic::FractureOuverte Traumatology
"Enfant de 7 ans, victime d’un accident de la voie publique : le patient avait été heurté par une moto avec point d’impact cranio-facial et membre inférieur gauche. Quel traitement préconisez vous ?","Réponse Sous anesthésie générale, sous scope, réduction à ciel fermé de la fracture puis maintien du foyer par deux broches de Maitezeau : embrochage ascendant. [image][image]","Les indications du traitement chirurgical sont rares et ne se discutent qu’à partir d’un âge > 7ans, en cas de : Polytraumatisme, Traumatisme crânien grave, Fracture instable, Fracture ouverte de type II ou III Cauchoix & Duparc vu moins de 6h après le traumatisme.",Thèse N°53-18 (FMP Marrakech) — Fractures du membre inférieur de l'enfant,BoardReview CaseBasedLearning Complications LowerExtremity Mechanism::AVP Orthopedics Pediatrics Region::Genou SurgicalManagement Topic::FractureOuverte Traumatology
"Enfant de 6 ans, sans antécédents pathologiques particuliers, s’était présenté aux urgences pour un traumatisme fermé de la cheville droite suite à un accident sur la voie publique. Quel est votre diagnostic ? (Interprétez la radiographie) [image]","Réponse Il s’agit d’une fracture décollement épiphysaire de la malléole interne, classée type III selon Salter & Harris.",,Thèse N°53-18 (FMP Marrakech) — Fractures du membre inférieur de l'enfant,CaseBasedLearning ClinicalReasoning GrowthPlate Imaging LowerExtremity Mechanism::AVP Orthopedics Pediatrics Region::Cheville SalterHarris Topic::DecollementEpiphysaire Traumatology
"Enfant de 6 ans, sans antécédents pathologiques particuliers, s’était présenté aux urgences pour un traumatisme fermé de la cheville droite suite à un accident sur la voie publique. Quel traitement proposez- vous ?","Réponse C’est une fracture décollement épiphysaire de la malléole interne, donc on procédera à une réduction chirurgicale par abord du côté du fragment épiphysaire et une synthèse par vis : réduction manuelle au bloc opératoire sous anesthésie générale, en urgence, par manœuvres externes, sous contrôle scopique à l’amplificateur de brillance, contention du foyer de fracture par embrochage, immobilisation plâtrée : botte plâtrée pendant 45 jours, ablation des vis après consol","Le traitement des fractures de la cheville est le plus souvent orthopédique. La manœuvre de réduction dépend du mécanisme : une fracture en abduction se corrige en adduction. Une fracture en adduction sera plâtrée en abduction. Le traitement orthopédique est en règle suffisant pour les types I et II si la réduction est anatomique, sinon une contention par vissage est obligatoire. Le traitement chirurgical est indiqué dans les fractures déplacées, surtout lorsque l’écart inter-fragmentaire est plus de 2mm et en particulier quand le trait est intra-articulaire. Le vissage est assuré en percutané si la fracture est stable, sinon on préférera une réduction chirurgicale. -Type I : Sous anesthésie générale et contrôle par amplificateur de brillance, réduction orthopédique et immobilisation par plâtre cruro-pédieux pour 45 jours. - Type II : Réduction orthopédique : si la réduction est anatomique : Plâtre cruro-pédieux. Sinon réduction chirurgicale par abord du côté de l’écaille métaphysaire et vissage. Plâtre cruro-pédieux pour 45 jours. - Type III : Réduction chirurgicale par abord du côté du fragment épiphysaire, embrochage ou vissage en compression épiphysaire, plâtre cruro-pédieux pour 45 jours . - Type IV : Réduction chirurgicale, embrochage ou vissage.",Thèse N°53-18 (FMP Marrakech) — Fractures du membre inférieur de l'enfant,CaseBasedLearning GrowthPlate LowerExtremity Mechanism::AVP NonOperativeManagement Orthopedics Pediatrics Region::Cheville SalterHarris SurgicalManagement Topic::DecollementEpiphysaire Traumatology
"Enfant de 6 ans, sans antécédents pathologiques particuliers, s’était présenté aux urgences pour un traumatisme fermé de la cheville droite suite à un accident sur la voie publique. Que faut-il redouter chez cette patiente ?","Réponse l’inégalité de longueur du membre inférieur, la désaxation. Ils sont la conséquence de la survenue d’une épiphysiodèse.","-Epiphysiodèse : Ces fractures intéressant le cartilage de croissance sont régulièrement pourvoyeuses de lésions de celui-ci générant des ponts d’épiphysiodèse. Classiquement, les lésions type III, IV et V sont les plus à risque ainsi que les fractures comminutives. Ces ponts d’épiphysiodèse seront alors responsables d’anomalies d’axe ou de d’anomalies de longueur. -Cal vicieux. -Arthrose précoce.",Thèse N°53-18 (FMP Marrakech) — Fractures du membre inférieur de l'enfant,CaseBasedLearning Complications GrowthPlate LowerExtremity Mechanism::AVP Orthopedics Pediatrics Region::Cheville SalterHarris Topic::CalVicieux Topic::DecollementEpiphysaire Traumatology
"Patient de 13 ans, sans antécédents pathologiques particuliers, victime d’une chute d’escaliers qui avait occasionné chez lui un traumatisme fermé de la cheville. Quels sont les premiers gestes à réaliser ?",Réponse -Assurer l’antalgie et l’immobilisation de la cheville et de la jambe. -Rechercher les signes d’ischémie ou de souffrance nerveuse. -Laisser l’enfant à jeun jusqu’à la décision thérapeutique. -Réaliser un bilan radiologique initial,,Thèse N°53-18 (FMP Marrakech) — Fractures du membre inférieur de l'enfant,CaseBasedLearning GrowthPlate Imaging LowerExtremity Mechanism::Chute NonOperativeManagement Orthopedics Pediatrics Region::Cheville SalterHarris Topic::DecollementEpiphysaire Traumatology
"Patient de 13 ans, sans antécédents pathologiques particuliers, victime d’une chute d’escaliers qui avait occasionné chez lui un traumatisme fermé de la cheville. Quel est votre diagnostic ? [image]",Réponse La radiographie de face et de profil de la cheville gauche met en évidence une fracture décollement épiphysaire de la malléole interne classée stade4 selon la classification de Salter et Harris (fracture de Mac Farland ).,,Thèse N°53-18 (FMP Marrakech) — Fractures du membre inférieur de l'enfant,CaseBasedLearning ClinicalReasoning GrowthPlate Imaging LowerExtremity Mechanism::Chute Orthopedics Pediatrics Region::Cheville SalterHarris Topic::DecollementEpiphysaire Traumatology
"Patient de 13 ans, sans antécédents pathologiques particuliers, victime d’une chute d’escaliers qui avait occasionné chez lui un traumatisme fermé de la cheville. Quelles sont les séquelles les plus fréquentes de ce genre de fractures ?",Réponse C’est une indication au vissage percutané : vissage transversal épargnant le cartilage de croissance puis immobilisation par botte plâtré. [image],"Le traitement des fractures de la cheville est le plus souvent orthopédique. La manœuvre de réduction dépend du mécanisme : une fracture en abduction se corrige en adduction. Une fracture en adduction sera plâtrée en abduction. Le traitement orthopédique est en règle suffisant pour les types I et II si la réduction est anatomique, sinon une contention par vissage est obligatoire. Le traitement chirurgical est indiqué dans les fractures déplacées, surtout lorsque l’écart inter-fragmentaire est plus de 2mm et en particulier quand le trait est intra-articulaire. Le vissage est assuré en percutané si la fracture est stable, sinon on préférera une réduction chirurgicale. -Type I : Sous anesthésie générale et contrôle par amplificateur de brillance, réduction orthopédique et immobilisation par plâtre cruro-pédieux pour 45 jours. - Type II : Réduction orthopédique : si la réduction est anatomique : Plâtre cruro-pédieux. Sinon réduction chirurgicale par abord du côté de l’écaille métaphysaire et vissage. Plâtre cruro-pédieux pour 45 jours. - Type III : Réduction chirurgicale par abord du côté du fragment épiphysaire, embrochage ou vissage en compression épiphysaire, plâtre cruro-pédieux pour 45 jours . - Type IV : Réduction chirurgicale, embrochage ou vissage.",Thèse N°53-18 (FMP Marrakech) — Fractures du membre inférieur de l'enfant,CaseBasedLearning Complications GrowthPlate LowerExtremity Mechanism::Chute NonOperativeManagement Orthopedics Pediatrics Region::Cheville SalterHarris SurgicalManagement Topic::DecollementEpiphysaire Traumatology
"Patient de 12 ans, sans antécédents pathologiques particuliers, s’était présenté aux urgences suite à un traumatisme fermé de la cheville gauche occasionné lors d’une chute d’un lieu élevé. Quel est votre diagnostic ? Interprétez la radiographie [image]",Réponse Il s’agit d’une fracture décollement épiphysaire de la cheville gauche classée type IV de Salter et Harris.,,Thèse N°53-18 (FMP Marrakech) — Fractures du membre inférieur de l'enfant,CaseBasedLearning ClinicalReasoning GrowthPlate Imaging LowerExtremity Mechanism::Chute Orthopedics Pediatrics Region::Cheville SalterHarris Topic::DecollementEpiphysaire Traumatology
"Patient de 12 ans, sans antécédents pathologiques particuliers, s’était présenté aux urgences suite à un traumatisme fermé de la cheville gauche occasionné lors d’une chute d’un lieu élevé. Quelle est votre attitude thérapeutique ?","Réponse C’est une indication au traitement chirurgical : Au bloc opératoire, réduction du foyer fracturaire et stabilisation par vissage suivi d’un traitement complémentaire par immobilisation plâtrée pour une durée de 4 à 6 semaines. [image]","Le traitement des fractures de la cheville est le plus souvent orthopédique. La manœuvre de réduction dépend du mécanisme : une fracture en abduction se corrige en adduction. Une fracture en adduction sera plâtrée en abduction. Le traitement orthopédique est en règle suffisant pour les types I et II si la réduction est anatomique, sinon une contention par vissage est obligatoire. Le traitement chirurgical est indiqué dans les fractures déplacées, surtout lorsque l’écart inter-fragmentaire est plus de 2mm et en particulier quand le trait est intra-articulaire. Le vissage est assuré en percutané si la fracture est stable, sinon on préférera une réduction chirurgicale. -Type I : Sous anesthésie générale et contrôle par amplificateur de brillance, réduction orthopédique et immobilisation par plâtre cruro-pédieux pour 45 jours. - Type II : Réduction orthopédique : si la réduction est anatomique : Plâtre cruro-pédieux. Sinon réduction chirurgicale par abord du côté de l’écaille métaphysaire et vissage. Plâtre cruro-pédieux pour 45 jours. - Type III : Réduction chirurgicale par abord du côté du fragment épiphysaire, embrochage ou vissage en compression épiphysaire, plâtre cruro-pédieux pour 45 jours . - Type IV : Réduction chirurgicale, embrochage ou vissage.",Thèse N°53-18 (FMP Marrakech) — Fractures du membre inférieur de l'enfant,CaseBasedLearning GrowthPlate LowerExtremity Mechanism::Chute NonOperativeManagement Orthopedics Pediatrics Region::Cheville SalterHarris SurgicalManagement Topic::DecollementEpiphysaire Traumatology
"Patient de 12 ans, sans antécédents pathologiques particuliers, s’était présenté aux urgences suite à un traumatisme fermé de la cheville gauche occasionné lors d’une chute d’un lieu élevé. Quel est votre suivi post opératoire ?","Réponse Cliniquement : surveillance cutanée et vasculo-nerveuse, au moindre doute de compression le plâtre est bivalvé. Radiologiquement : des contrôles radiologiques rapprochés doivent être réalisés : j8, j15, j21, j45",,Thèse N°53-18 (FMP Marrakech) — Fractures du membre inférieur de l'enfant,CaseBasedLearning GrowthPlate LowerExtremity Mechanism::Chute NonOperativeManagement Orthopedics Pediatrics Region::Cheville SalterHarris SurgicalManagement Topic::DecollementEpiphysaire Traumatology
"Patient de 12 ans, sans antécédents pathologiques particuliers, s’était présenté aux urgences suite à un traumatisme fermé de la cheville gauche occasionné lors d’une chute d’un lieu élevé. Quelle est la complication la plus redoutable ?",Réponse C’est l’épiphysiodèse : les séquelles sont marquées par les désaxations et les inégalités de longueur des membres inférieurs.,"Lorsque le pont est central, la conséquence est l’arrêt de la croissance, le raccourcissement est la conséquence d'un traumatisme survenu soit en cours de croissance soit un traumatisme violent avec un déplacement important. Le raccourcissement constitue la complication la plus redoutable. Il est le témoin d'une épiphysiodèse plus ou moins complète du cartilage de croissance. Cette épiphysiodèse peut être définitive et est d’autant plus grave que le décollement survient à un âge plus bas. Lorsque le pont est latéral la conséquence est une déviation axiale. Elle est la conséquence d’une épiphysiodèse incomplète. Au cours des lésions épiphysaires, l'épiphysiodèse s’observe surtout dans les fractures de type IV et V de Salter et Harris mais peuvent aussi se rencontrer, bien que plus rarement, dans les lésions de type III.",Thèse N°53-18 (FMP Marrakech) — Fractures du membre inférieur de l'enfant,CaseBasedLearning Complications GrowthPlate LowerExtremity Mechanism::Chute Orthopedics Pediatrics Region::Cheville SalterHarris Topic::DecollementEpiphysaire Traumatology
Quelle est la place de la traumatologie dans la morbi-mortalité de l'enfant ?,"Réponse 1ère cause de décès, 1ère cause de séquelles et d'indemnisation du dommage corporel, et 1er motif d'hospitalisation de l'enfant.",,Thèses N°53-18 & N°55-18 (FMP Marrakech) — fractures de l'enfant,BoardReview LowerExtremity Orthopedics Pediatrics Traumatology UpperExtremity
Pourquoi l'os de l'enfant se fracture-t-il plus facilement que celui de l'adulte ?,"Réponse Sa structure est différente : il est plus chargé en eau, moins résistant mécaniquement.",,Thèses N°53-18 & N°55-18 (FMP Marrakech) — fractures de l'enfant,Orthopedics Pediatrics Traumatology
Quel est le rôle du périoste dans les fractures de l'enfant ?,"Réponse Le périoste est épais et résistant ; lors d'une fracture il est souvent incomplètement rompu, ce qui guide la réduction et stabilise le foyer. Il produit rapidement (2–3 semaines) un cal périosté externe.",,Thèses N°53-18 & N°55-18 (FMP Marrakech) — fractures de l'enfant,NonOperativeManagement Orthopedics Pediatrics Traumatology
Quelles sont les propriétés mécaniques du cartilage de croissance ?,Réponse Il est mécaniquement faible : peu résistant aux forces de traction axiale et de torsion. Beaucoup de fractures de l'enfant passent par lui.,,Thèses N°53-18 & N°55-18 (FMP Marrakech) — fractures de l'enfant,GrowthPlate Orthopedics Pediatrics Traumatology
Quelle est la complication la plus grave d'une atteinte du cartilage de croissance ?,"Réponse La création d'un pont d'épiphysiodèse (destruction partielle/totale du cartilage) → arrêt de croissance, perte de longueur et désaxation. D'autant plus grave que l'enfant est jeune et le cartilage actif.",,Thèses N°53-18 & N°55-18 (FMP Marrakech) — fractures de l'enfant,Complications GrowthPlate Orthopedics Pediatrics Traumatology
Pourquoi les luxations sont-elles rares et les décollements épiphysaires fréquents chez l'enfant ?,Réponse Parce que les structures capsulo-ligamentaires de l'enfant sont plus solides que les structures ostéo-cartilagineuses.,,Thèses N°53-18 & N°55-18 (FMP Marrakech) — fractures de l'enfant,GrowthPlate Orthopedics Pediatrics Traumatology
Définissez la fracture en motte de beurre.,Réponse Une plicature plastique d'une corticale métaphysaire (fracture torus).,,Thèses N°53-18 & N°55-18 (FMP Marrakech) — fractures de l'enfant,BoardReview Orthopedics Pediatrics Traumatology
Définissez la fracture en bois-vert.,"Réponse Une corticale est conservée alors que l'autre est rompue ; fracture incomplète, uni-corticale, souvent avec angulation.",,Thèses N°53-18 & N°55-18 (FMP Marrakech) — fractures de l'enfant,BoardReview Orthopedics Pediatrics Traumatology
Qu'est-ce qu'une déformation plastique ?,"Réponse Il n'y a pas de trait de fracture mais une courbure plastique s'étendant sur toute la longueur de l'os (typiquement fibula, ulna).",,Thèses N°53-18 & N°55-18 (FMP Marrakech) — fractures de l'enfant,Orthopedics Pediatrics Traumatology
Qu'est-ce qu'une fracture sous-périostée et quel en est le piège diagnostique ?,"Réponse L'os est fracturé mais le périoste reste intact ; l'enfant peut parfois marcher malgré une fracture du fémur ou du tibia. La radiographie initiale est souvent normale ; le diagnostic est porté sur une boiterie + douleur à la percussion, et confirmé par l'apparition d'un cal osseux 15 jours à 3 semaines plus tard.",,Thèses N°53-18 & N°55-18 (FMP Marrakech) — fractures de l'enfant,LowerExtremity Orthopedics Pediatrics Topic::Toddler Traumatology
Décollement épiphysaire Salter-Harris type I : description et pronostic ?,Réponse Décollement épiphysaire pur (le trait passe entièrement dans le cartilage de croissance). Pronostic de croissance bon.,,Thèses N°53-18 & N°55-18 (FMP Marrakech) — fractures de l'enfant,BoardReview GrowthPlate Orthopedics Pediatrics SalterHarris Traumatology
Salter-Harris type II : description et pronostic ?,Réponse Le trait emprunte le cartilage de croissance puis remonte en zone métaphysaire (coin métaphysaire). Pronostic habituellement bon. C'est le type le plus fréquent.,,Thèses N°53-18 & N°55-18 (FMP Marrakech) — fractures de l'enfant,BoardReview GrowthPlate Orthopedics Pediatrics SalterHarris Traumatology
Salter-Harris type III : description et pronostic ?,"Réponse Le trait emprunte le cartilage de croissance puis devient épiphysaire (intra-articulaire). Pronostic de croissance compromis, surtout s'il persiste un défaut de réduction même mineur.",,Thèses N°53-18 & N°55-18 (FMP Marrakech) — fractures de l'enfant,BoardReview GrowthPlate Orthopedics Pediatrics SalterHarris Traumatology
Salter-Harris type IV : description et pronostic ?,"Réponse Le trait sépare un fragment épiphyso-métaphysaire (traverse métaphyse, physe et épiphyse). Pronostic souvent mauvais, même si la réduction paraît satisfaisante.",,Thèses N°53-18 & N°55-18 (FMP Marrakech) — fractures de l'enfant,BoardReview GrowthPlate Orthopedics Pediatrics SalterHarris Traumatology
Salter-Harris type V : description et particularité diagnostique ?,Réponse Écrasement du cartilage de croissance par compression. Non identifiable initialement : diagnostic a posteriori sur sa complication (pont d'épiphysiodèse).,,Thèses N°53-18 & N°55-18 (FMP Marrakech) — fractures de l'enfant,BoardReview GrowthPlate Orthopedics Pediatrics SalterHarris Traumatology
Quel suivi proposer pour dépister un trouble de croissance après une fracture épiphysaire ?,"Réponse Un contrôle radiologique 1 an après la fracture (surtout pour les décollements Salter-Harris III, IV et V), en ayant prévenu les parents de cette éventualité.",,Thèses N°53-18 & N°55-18 (FMP Marrakech) — fractures de l'enfant,Complications GrowthPlate Orthopedics Pediatrics SalterHarris Traumatology
Quel moyen mnémotechnique donne l'ordre d'apparition des noyaux d'ossification du coude ?,"Réponse La règle « CRITOE » : Capitellum, tête Radiale, épicondyle Interne (épitrochlée), Trochlée, Olécrane, épicondyle Externe.",,Thèses N°53-18 & N°55-18 (FMP Marrakech) — fractures de l'enfant,BoardReview Imaging Orthopedics Pediatrics Region::Coude Traumatology UpperExtremity
Pourquoi le diagnostic des fractures du coude est-il difficile chez l'enfant ?,"Réponse Parce que l'épiphyse est en grande partie cartilagineuse : seuls les noyaux d'ossification sont visibles, et ils apparaissent successivement (règle CRITOE). À la naissance, seules les métaphyses sont ossifiées au coude.",,Thèses N°53-18 & N°55-18 (FMP Marrakech) — fractures de l'enfant,Imaging Orthopedics Pediatrics Region::Coude Traumatology UpperExtremity
Quel est le traitement de choix des fractures de l'enfant et pourquoi ?,"Réponse Le traitement orthopédique : il respecte le mieux les processus de consolidation, sans risque de complications thrombo-emboliques ni infectieuses.",,Thèses N°53-18 & N°55-18 (FMP Marrakech) — fractures de l'enfant,BoardReview NonOperativeManagement Orthopedics Pediatrics Traumatology
La rééducation est-elle nécessaire après immobilisation d'une fracture chez l'enfant ?,"Réponse Non : la raideur articulaire est exceptionnelle chez l'enfant, donc la rééducation après immobilisation est sans intérêt.",,Thèses N°53-18 & N°55-18 (FMP Marrakech) — fractures de l'enfant,NonOperativeManagement Orthopedics Pediatrics Traumatology
Quand et comment immobiliser un membre traumatisé aux urgences ?,"Réponse Dès l'arrivée de l'enfant, avant toute imagerie, idéalement par une attelle radio-transparente (sinon une attelle plâtrée retirée pour l'imagerie). But : éviter l'aggravation lésionnelle (déplacement osseux lésant vaisseau/nerf) et diminuer la douleur.",,Thèses N°53-18 & N°55-18 (FMP Marrakech) — fractures de l'enfant,NonOperativeManagement Orthopedics Pediatrics Traumatology
Comment se fait le remodelage d'un cal vicieux chez l'enfant ?,Réponse Par apposition périostée du côté de la concavité du cal vicieux et résorption du côté de la convexité.,,Thèses N°53-18 & N°55-18 (FMP Marrakech) — fractures de l'enfant,NonOperativeManagement Orthopedics Pediatrics Traumatology
Comment évaluer la douleur chez l'enfant traumatisé ?,Réponse Par une échelle visuelle analogique (chez les grands) ou une échelle comportementale (chez les petits). La présence et la distraction par les parents aident à diminuer la détresse.,,Thèses N°53-18 & N°55-18 (FMP Marrakech) — fractures de l'enfant,Orthopedics Pediatrics Traumatology
"Quelle est la fracture la plus fréquente de l'enfant, et quel en est le siège le plus fréquent ?",Réponse La fracture de la clavicule ; le tiers moyen (diaphysaire) est de loin le plus fréquent.,,Thèses N°53-18 & N°55-18 (FMP Marrakech) — fractures de l'enfant,BoardReview Orthopedics Pediatrics Region::Clavicule Topic::Clavicule Traumatology UpperExtremity
Traitement habituel d'une fracture diaphysaire de clavicule chez l'enfant ?,"Réponse Traitement orthopédique : contention par anneaux en 8 pendant 3 à 4 semaines. Chirurgie exceptionnelle (complication vasculo-nerveuse, menace d'ouverture cutanée).",,Thèses N°53-18 & N°55-18 (FMP Marrakech) — fractures de l'enfant,NonOperativeManagement Orthopedics Pediatrics Region::Clavicule Topic::Clavicule Traumatology UpperExtremity
En quoi consiste la méthode de Blount et quelle en est la contre-indication absolue ?,"Réponse Immobilisation du coude en hyper-flexion (la réduction d'une fracture supra-condylienne en extension n'est stable qu'en flexion à angle aigu), à condition que le pouls radial reste perçu. Contre-indication absolue : un œdème important (risque de compression vasculo-nerveuse par plicature cutanée).",,Thèses N°53-18 & N°55-18 (FMP Marrakech) — fractures de l'enfant,BoardReview NonOperativeManagement Orthopedics Pediatrics Region::Coude Topic::Supracondylienne Traumatology UpperExtremity
Quelle déformation séquellaire redoute-t-on après une fracture supra-condylienne mal réduite ?,"Réponse Le cubitus varus (déformation en varus du coude), séquelle d'un cal vicieux.",,Thèses N°53-18 & N°55-18 (FMP Marrakech) — fractures de l'enfant,Complications Orthopedics Pediatrics Region::Coude Topic::CalVicieux Topic::Supracondylienne Traumatology UpperExtremity
Classification de Watson-Jones des fractures de l'épitrochlée ?,"Réponse Stade I : fracture peu ou pas déplacée. Stade II : fracture déplacée (en arrière ou, le plus souvent, en bas). Stade III : incarcération de l'épitrochlée dans l'articulation huméro-cubitale.",,Thèses N°53-18 & N°55-18 (FMP Marrakech) — fractures de l'enfant,BoardReview Orthopedics Pediatrics Region::Coude Topic::EpicondyleMedial Traumatology UpperExtremity
Qu'est-ce qu'une lésion de Monteggia ?,Réponse Une fracture de l'ulna (tiers supérieur) associée à une luxation de la tête radiale.,,Thèses N°53-18 & N°55-18 (FMP Marrakech) — fractures de l'enfant,BoardReview Orthopedics Pediatrics Region::AvantBras Topic::Monteggia Traumatology UpperExtremity
Quel est le piège de la lésion de Monteggia et le principe de son traitement ?,Réponse Le piège est la méconnaissance de la luxation de la tête radiale. La réduction du cubitus (ulna) est primordiale ; 90% des lésions de Monteggia sont accessibles au traitement orthopédique.,,Thèses N°53-18 & N°55-18 (FMP Marrakech) — fractures de l'enfant,BoardReview NonOperativeManagement Orthopedics Pediatrics Region::AvantBras Topic::Monteggia Traumatology UpperExtremity
Pourquoi le traitement orthopédique est-il privilégié dans les fractures des deux os de l'avant-bras de l'enfant ?,"Réponse Grâce aux importantes propriétés de remodelage de l'os en croissance, un alignement anatomique parfait n'est pas toujours nécessaire.",,Thèses N°53-18 & N°55-18 (FMP Marrakech) — fractures de l'enfant,NonOperativeManagement Orthopedics Pediatrics Region::AvantBras Traumatology UpperExtremity
Qu'est-ce que l'embrochage centro-médullaire élastique stable (ECMES) de Métaizeau ?,"Réponse Une ostéosynthèse à foyer fermé par broches élastiques introduites en intra-médullaire, méthode de référence pour stabiliser de nombreuses fractures diaphysaires de l'enfant (avant-bras, fémur).",,Thèses N°53-18 & N°55-18 (FMP Marrakech) — fractures de l'enfant,BoardReview Orthopedics Pediatrics SurgicalManagement Traumatology UpperExtremity
Définissez le syndrome de Volkmann.,Réponse L'association d'une rétraction des muscles de la loge antérieure de l'avant-bras et d'une paralysie plus ou moins étendue des muscles de la main. C'est une conséquence d'une ischémie (séquelle d'un syndrome de loge).,,Thèses N°53-18 & N°55-18 (FMP Marrakech) — fractures de l'enfant,BoardReview Complications Orthopedics Pediatrics Topic::Neurovasculaire Topic::SyndromeDeLoge Traumatology UpperExtremity
Quel est le signe le plus important à rechercher pour dépister un syndrome de loge ?,"Réponse L'apparition et l'extension de la douleur (douleur disproportionnée, majorée à l'étirement passif). Prévention : plâtre non compressif, surélévation du membre, surveillance neuro-vasculaire.",,Thèses N°53-18 & N°55-18 (FMP Marrakech) — fractures de l'enfant,BoardReview Complications Orthopedics Pediatrics Topic::SyndromeDeLoge Traumatology
Quelle est la 3ème localisation la plus fréquente des fractures de l'enfant ?,Réponse La diaphyse fémorale (fractures diaphysaires du fémur).,,Thèses N°53-18 & N°55-18 (FMP Marrakech) — fractures de l'enfant,BoardReview LowerExtremity Orthopedics Pediatrics Region::Femur Traumatology
Fractures des épines tibiales : quelle structure est avulsée et quelle classification utilise-t-on ?,Réponse Le fragment détaché correspond à la zone d'insertion osseuse du ligament croisé antérieur (LCA). Classification de Meyers et McKeever (types 1 à 4).,,Thèses N°53-18 & N°55-18 (FMP Marrakech) — fractures de l'enfant,BoardReview LowerExtremity Orthopedics Pediatrics Region::Genou Traumatology
Classification de Meyers et McKeever des fractures des épines tibiales ?,Réponse Type 1 : fracture sans déplacement ou minime. Type 2 : déplacement avec charnière postérieure cartilagineuse (soulèvement antérieur). Type 3 : séparation complète du fragment. Type 4 : fracture comminutive.,,Thèses N°53-18 & N°55-18 (FMP Marrakech) — fractures de l'enfant,BoardReview LowerExtremity Orthopedics Pediatrics Region::Genou Traumatology
Quelle classification utilise-t-on pour les fractures de l'anneau pelvien de l'enfant ?,Réponse La classification de Torode et Zieg.,,Thèses N°53-18 & N°55-18 (FMP Marrakech) — fractures de l'enfant,BoardReview LowerExtremity Orthopedics Pediatrics Region::Bassin Traumatology
Quel bilan d'imagerie devant une lésion instable de l'anneau pelvien ?,"Réponse Au minimum une radiographie du bassin de face, complétée par une tomodensitométrie (scanner) qui précise à la fois le bilan osseux et le bilan viscéral.",,Thèses N°53-18 & N°55-18 (FMP Marrakech) — fractures de l'enfant,Imaging LowerExtremity Orthopedics Pediatrics Region::Bassin Traumatology
Quelle classification est utilisée pour les fractures ouvertes (ouverture cutanée) ?,"Réponse La classification de Cauchoix et Duparc, fondée sur l'importance de l'ouverture cutanée.",,Thèses N°53-18 & N°55-18 (FMP Marrakech) — fractures de l'enfant,BoardReview Complications Orthopedics Pediatrics Topic::FractureOuverte Traumatology
"Traumatisme fermé chez un enfant de 3ans, suite à un AVP. Cliniquement, il a présenté une douleur à la palpation de l’épaule droite. Diagnostic le plus probable ?",Diagnostic Fracture en bois-vert médio-diaphysaire de la clavicule droite.,,Thèse N°55-18 (FMP Marrakech) — Fractures du membre supérieur de l'enfant,BoardReview CaseBasedLearning ClinicalReasoning Mechanism::AVP Orthopedics Pediatrics Region::Epaule Topic::BoisVert Topic::Clavicule Traumatology UpperExtremity
"Traumatisme fermé de l’épaule droite, chez un enfant de 14ans, suite à une chute de sport. L’examen a trouvé une douleur au niveau de la clavicule, avec palpation de l’os sous la peau. Diagnostic le plus probable ?",Diagnostic Fracture médio-diaphysaire déplacée de la clavicule droite avec menace de la peau.,,Thèse N°55-18 (FMP Marrakech) — Fractures du membre supérieur de l'enfant,BoardReview CaseBasedLearning ClinicalReasoning Mechanism::Chute Mechanism::Sport Orthopedics Pediatrics Region::Epaule Topic::Clavicule Traumatology UpperExtremity
"Fille de 7ans, présentant un traumatisme fermé de l’épaule gauche, suite à une chute des escaliers. L’examen clinique a trouvé une douleur exquise à la palpation de l’épaule, une limitation douloureuse de la mobilisation et une absence de troubles vasculo-nerveux. Diagnostic le plus probable ?",Diagnostic Décollement épiphysaire stade II de SALTER et HARRIS de l’extrémité supérieure de l’humérus gauche avec déplacement important.,,Thèse N°55-18 (FMP Marrakech) — Fractures du membre supérieur de l'enfant,BoardReview CaseBasedLearning ClinicalReasoning GrowthPlate Mechanism::Chute Orthopedics Pediatrics Region::Epaule SalterHarris Topic::DecollementEpiphysaire Traumatology UpperExtremity
"Traumatisme fermé de l’épaule gauche, chez un enfant de 13 ans, suite à une chute lors d’un jeu. L’examen a trouvé un œdème important de l’épaule, une douleur exquise à la palpation de l’extrémité supérieure de l’humérus et une absence de troubles vasculo-nerveux. Diagnostic le plus probable ?",Diagnostic Fracture métaphysaire légérement déplacé de l’extrémité supérieure de l’humérus gauche.,,Thèse N°55-18 (FMP Marrakech) — Fractures du membre supérieur de l'enfant,BoardReview CaseBasedLearning ClinicalReasoning Mechanism::Chute Mechanism::Sport Orthopedics Pediatrics Region::Epaule Traumatology UpperExtremity
"Traumatisme fermé du coude droit chez un enfant de 7ans, suite à une chute de sa hauteur, avec réception sur la main, coude en extension. L’examen clinique a trouvé une douleur exquise à la palpation du coude droit, un examen vasculo-nerveux sans anomalie. Diagnostic le plus probable ?",Diagnostic Fracture supra-condylienne du coude droit stade I .,,Thèse N°55-18 (FMP Marrakech) — Fractures du membre supérieur de l'enfant,BoardReview CaseBasedLearning ClinicalReasoning Mechanism::Chute Orthopedics Pediatrics Region::Coude Topic::Supracondylienne Traumatology UpperExtremity
"Traumatisme fermé du membre supérieur gauche, chez un enfant de 9ans, avec réception sur la paume de la main. L’examen a trouvé une attitude du traumatisé du membre supérieur gauche, une douleur exquise à la palpation de l’extrémité inférieur de l’humérus gauche, des pouls distaux palpable et un examen neurologique normal. Diagnostic le plus probable ?",Diagnostic Fracture supra-condylienne gauche stade II par mécanisme en extension.,,Thèse N°55-18 (FMP Marrakech) — Fractures du membre supérieur de l'enfant,BoardReview CaseBasedLearning ClinicalReasoning Orthopedics Pediatrics Region::Coude Topic::Supracondylienne Traumatology UpperExtremity
"Enfant de 3ans, victime 3 mois avant son admission d’une fracture fermée de l’avant-bras gauche, traitée par plâtre brachio-anté-brachio-palmaire pendant 6 semaines. À l’ablation du plâtre, l’examen a trouvé une persistance d’une angulation de l’avant-bras, avec flessum du poignet, une rétraction des doigts en flexion irréductible et une absence de douleurs. Diagnostic le plus probable ?",Diagnostic Syndrome de Volkman en évolution sur une fracture des deux os de l’avant-bras gauche,,Thèse N°55-18 (FMP Marrakech) — Fractures du membre supérieur de l'enfant,BoardReview CaseBasedLearning ClinicalReasoning Orthopedics Pediatrics Region::Coude Traumatology UpperExtremity
"Traumatisme fermé du coude gauche, chez une enfant de 6ans, suite à une chute de sa hauteur. L’examen a trouvé une tuméfaction du coude, un élargissement antéro-postérieur, une impotence fonctionnelle du membre et un examen vasculo-nerveux sans anomalies. Diagnostic le plus probable ?",Diagnostic Les complications à redouter sont: ✔ la lésion vasculaire ✔ l’ouverture cutanée ✔ la lésion du nerf inter-osseux antérieur ✔ la lésion du nerf médian fig7: photo d'une fracture supra-condylienne en extension avec ouverture cutanée,,Thèse N°55-18 (FMP Marrakech) — Fractures du membre supérieur de l'enfant,BoardReview CaseBasedLearning ClinicalReasoning Complications Mechanism::Chute Orthopedics Pediatrics Region::Coude Topic::FractureOuverte Topic::Neurovasculaire Topic::Supracondylienne Traumatology UpperExtremity
"Traumatisme fermé du coude gauche, chez un enfant de 5ans, suite à une chute de 0.5m avec réception sur coude en flexion. L’examen clinique objective un élargissement antéro-postérieur du coude avec une saillie osseuse interne, une douleur exquise à la palpation et à la mobilisation et pas de troubles vasculo-nerveux. Diagnostic le plus probable ?",Diagnostic Fracture supra-condylienne gauche stade III avec déplacement en avant du fragment inférieur (mécanisme en flexion).,,Thèse N°55-18 (FMP Marrakech) — Fractures du membre supérieur de l'enfant,BoardReview CaseBasedLearning ClinicalReasoning Mechanism::Chute Orthopedics Pediatrics Region::Coude Topic::Supracondylienne Traumatology UpperExtremity
"Traumatisme fermé du coude gauche, chez un enfant de 10 ans, suite à une chute de sa hauteur avec réception sur l’avant-bras. A l’examen: coude tuméfié avec douleur à la palpation de la face externe du coude, sans troubles vasculo-nerveux. Diagnostic le plus probable ?",Diagnostic Fracture du condyle externe gauche stade II selon la classification de LAGRANGE et RIGAULT.,,Thèse N°55-18 (FMP Marrakech) — Fractures du membre supérieur de l'enfant,BoardReview CaseBasedLearning ClinicalReasoning Mechanism::Chute Orthopedics Pediatrics Region::Coude Topic::CondyleLateral Traumatology UpperExtremity
"Traumatisme du coude, chez un enfant de 13ans, suite à un AVP. L’examen a trouvé un coude droit tuméfié, une douleur à la palpation de l’épitrochlée, une impotence fonctionnelle partielle et une absence de troubles vasculo-nerveux. Diagnostic le plus probable ?","Diagnostic Classification de MILCH : fig3 Type I: le trait se termine dans la gorge trochléenne Type II: le trait se termine dans la gorge capitello-trochléaire fig3: schéma des stades de la classification de Milch pour les fractures du condyle interne Classification de BENSAHEL: est la plus utilisée, elle tient compte du déplacement Stade 1: non déplacé Stade 2: déplacement médial sans rotation Stade 3: important déplacement avec rotation",,Thèse N°55-18 (FMP Marrakech) — Fractures du membre supérieur de l'enfant,BoardReview CaseBasedLearning ClinicalReasoning Mechanism::AVP Orthopedics Pediatrics Region::Coude Topic::EpicondyleMedial Traumatology UpperExtremity
"Enfant de 6 ans, victime d’une chute de sa hauteur à point d’impact au niveau du coude gauche. L’examen a trouvé: une limitation de la mobilité du coude et une douleur exquise à la palpation. Diagnostic le plus probable ?",Diagnostic Fracture de la tête radiale gauche stade 2.,,Thèse N°55-18 (FMP Marrakech) — Fractures du membre supérieur de l'enfant,BoardReview CaseBasedLearning ClinicalReasoning Mechanism::Chute Orthopedics Pediatrics Region::Coude Topic::ColRadius Traumatology UpperExtremity
"Traumatisme fermé du coude droit, chez un enfant de 13ans, suite à une chute de sa hauteur. L’examen a trouvé un coude tuméfié avec une douleur exquise à la palpation de la face externe et pas de troubles vasculo-nerveux. Diagnostic le plus probable ?",Diagnostic Fracture du col radial droit stade IV selon JUDET.,,Thèse N°55-18 (FMP Marrakech) — Fractures du membre supérieur de l'enfant,BoardReview CaseBasedLearning ClinicalReasoning Mechanism::Chute Orthopedics Pediatrics Region::Coude Topic::ColRadius Traumatology UpperExtremity
"Enfant de 10ans, victime d’une chute de sa hauteur, avec réception sur le coude droit, occasionnant chez lui un traumatisme fermé du coude. L’examen a trouvé un coude tuméfié avec des repères conservés et une douleur de la face interne du coude. Diagnostic le plus probable ?",Diagnostic Fracture déplacée de l’épitrochlée droite.,,Thèse N°55-18 (FMP Marrakech) — Fractures du membre supérieur de l'enfant,BoardReview CaseBasedLearning ClinicalReasoning Mechanism::Chute Orthopedics Pediatrics Region::Coude Topic::EpicondyleMedial Traumatology UpperExtremity
"Traumatisme fermé du coude droit, chez un enfant de 14ans, suite à une chute de sa hauteur. L’examen a trouvé un élargissement antéro-postérieur du coude, une limitation de la flexion, une douleur exquise à la palpation, une perturbation des repères anatomiques du coude et une absence de troubles vasculo-nerveux. Diagnostic le plus probable ?","Diagnostic La perturbation des repères anatomique du coude oriente en premier, vers une luxation postérieure du coude droit.",,Thèse N°55-18 (FMP Marrakech) — Fractures du membre supérieur de l'enfant,BoardReview CaseBasedLearning ClinicalReasoning Mechanism::Chute Orthopedics Pediatrics Region::Coude Traumatology UpperExtremity
"Enfant de 8 ans, victime d’une chute de sa hauteur avec réception sur la paume de la main droite avec coude en hyper-extension, 2 jours avant son admission. L’examen a trouvé: une déformation du coude droit sans lésion cutanée une ecchymose en regard et une douleur exquise à la palpation une impotence fonctionnelle totale un examen vasculo-nerveux sans anomalie. Diagnostic le plus probable ?",Diagnostic Fracture de l’olécrane.,,Thèse N°55-18 (FMP Marrakech) — Fractures du membre supérieur de l'enfant,BoardReview CaseBasedLearning ClinicalReasoning Mechanism::Chute Orthopedics Pediatrics Region::Coude Topic::Olecrane Traumatology UpperExtremity
"Traumatisme fermé de l’avant-bras gauche, chez un enfant de 10 ans, suite à une chute d’un mètre de hauteur. L’examen a trouvé un coude tuméfié, une douleur exquise à la palpation de l’avant-bras et à la mobilisation et une absence de troubles vasculo-nerveux. Diagnostic le plus probable ?",Diagnostic Fracture articulaire de l’olécrane droit déplacée.,,Thèse N°55-18 (FMP Marrakech) — Fractures du membre supérieur de l'enfant,BoardReview CaseBasedLearning ClinicalReasoning Mechanism::Chute Orthopedics Pediatrics Region::Coude Topic::Olecrane Traumatology UpperExtremity
"Enfant de 3ans, est admis 14h après un traumatisme fermé du coude gauche, survenue après une chute de sa hauteur. 10H après l’application de Jbira, l’examen a trouvé: Jbira très serrée et une tuméfaction étendue du membre supérieur gauche limité à mi-bras. Diagnostic le plus probable ?",Diagnostic Syndrome de loge de l'avant-bras gauche sur Jbira,,Thèse N°55-18 (FMP Marrakech) — Fractures du membre supérieur de l'enfant,BoardReview CaseBasedLearning ClinicalReasoning Complications Mechanism::Chute Orthopedics Pediatrics Region::Coude Topic::SyndromeDeLoge Traumatology UpperExtremity
"Traumatisme fermé de l’avant bras gauche, chez un enfant de 6 ans, victime d’une chute de 0.5m de hauteur. L’examen a trouvé une déformation de l’avant bras avec douleur à la palpation sans ecchymose ni lésion cutané. Diagnostic le plus probable ?",Diagnostic Fracture diaphysaire des deux os de l’avant bras gauche.,,Thèse N°55-18 (FMP Marrakech) — Fractures du membre supérieur de l'enfant,BoardReview CaseBasedLearning ClinicalReasoning Mechanism::Chute Orthopedics Pediatrics Region::AvantBras Traumatology UpperExtremity
"Enfant de 3ans, victime 3 mois avant son admission d’une fracture fermée de l’avant-bras gauche, traitée par plâtre brachio-anté-brachio-palmaire pendant 6 semaines. À l’ablation du plâtre, l’examen a trouvé une persistance d’une angulation de l’avant-bras, un poignet en flexion, un pouce en flexion-adduction, des métacarpo-phalangiennes en extension et des inter-phalangiennes proximales et distales en flexion. Diagnostic le plus probable ?",Diagnostic Syndrome de Volkman sur une fracture des deux os de l’avant-bras gauche,,Thèse N°55-18 (FMP Marrakech) — Fractures du membre supérieur de l'enfant,BoardReview CaseBasedLearning ClinicalReasoning Orthopedics Pediatrics Region::AvantBras Traumatology UpperExtremity
"Traumatisme fermé du poignet, chez un enfant de 12 ans, suite à une chute de sa hauteur sur la paume de la main. L’examen a trouvé une impotence fonctionnelle du membre supérieur gauche, une déformation du poignet et une douleur à la palpation de l’extrémité distale du radius. Diagnostic le plus probable ?",Diagnostic Fracture-décollement épiphysaire de l’extrémité inférieur du radius SALTER I,,Thèse N°55-18 (FMP Marrakech) — Fractures du membre supérieur de l'enfant,BoardReview CaseBasedLearning ClinicalReasoning GrowthPlate Mechanism::Chute Orthopedics Pediatrics Region::Poignet SalterHarris Topic::DecollementEpiphysaire Traumatology UpperExtremity
"Traumatisme fermé de l’avant-bras gauche, chez un enfant de 4ans, suite à une chute d’un 1,5m de hauteur avec réception sur main en hyper-flexion. L’examen a objectivé une attitude du traumatisé du membre supérieur avec déformation en dos de fourchette de l’extrémité distale de l’avant-bras. Diagnostic le plus probable ?",Diagnostic Fracture du 1/4 distal des deux os de l’avant-bras avec bascule postérieur de l’extrémité distale du radius.,,Thèse N°55-18 (FMP Marrakech) — Fractures du membre supérieur de l'enfant,BoardReview CaseBasedLearning ClinicalReasoning Mechanism::Chute Orthopedics Pediatrics Region::Poignet Traumatology UpperExtremity
"Nouveau né, accouchement par voie basse dystocique qui a présenté à l’examen clinique une déformation du membre inférieur droit et une asymétrie des mouvements spontanés des quatre membres. Diagnostic le plus probable ?",Diagnostic Il s’agit d’une fracture de la diaphyse fémorale déplacée avec angulation importante,,Thèse N°53-18 (FMP Marrakech) — Fractures du membre inférieur de l'enfant,BoardReview CaseBasedLearning ClinicalReasoning LowerExtremity Mechanism::Obstetrical Orthopedics Pediatrics Region::Femur Traumatology
"Patiente de 15 ans, victime d’un accident de la voie publique : la patiente avait été heurtée par une voiture avec point d’impact cranio-facial, abdominal et pelvien. Diagnostic le plus probable ?",Diagnostic Fractures ilio-pubienne et ischio-pubienne gauche et du sacrum gauche.,,Thèse N°53-18 (FMP Marrakech) — Fractures du membre inférieur de l'enfant,BoardReview CaseBasedLearning ClinicalReasoning LowerExtremity Mechanism::AVP Orthopedics Pediatrics Region::Genou Traumatology
"Patient de 8 ans, avait été admis aux urgences pour traumatisme du membre inférieur droit suite à un accident de la voie publique. Diagnostic le plus probable ?","Diagnostic Il s’agit d’une fracture du col du fémur : Fracture décollement épiphysaire, type I selon Salter & Harris et classé type I selon Delbet.",,Thèse N°53-18 (FMP Marrakech) — Fractures du membre inférieur de l'enfant,BoardReview CaseBasedLearning ClinicalReasoning GrowthPlate LowerExtremity Mechanism::AVP Orthopedics Pediatrics Region::Femur SalterHarris Topic::DecollementEpiphysaire Traumatology
"Patiente de 14 ans, sans antécédents particuliers, s’était présentée aux urgences suite à un accident de la voie publique qui avait occasionné chez elle un traumatisme avec un point d’impact au niveau du membre inférieur droit. L’examen à l’admission avait retrouvé une patiente en bon état général, on avait noté l’existence d’une impotence fonctionnelle totale du membre droit associée à une douleur à la palpation de la cuisse droite sans effraction cutanée ni troubles vasculo-nerveux. Diagnostic le plus probable ?",Diagnostic Il s’agit d’une fracture du col du fémur : transcervicale droite non déplacée classée type II selon Delbet.,,Thèse N°53-18 (FMP Marrakech) — Fractures du membre inférieur de l'enfant,BoardReview CaseBasedLearning ClinicalReasoning LowerExtremity Mechanism::AVP Orthopedics Pediatrics Region::Femur Traumatology
"Enfant de 7 ans, sans antécédents particuliers, s’était présenté aux urgences suite à un accident de la voie publique qui avait occasionné chez lui un traumatisme avec un point d’impact au niveau du membre inférieur droit. Diagnostic le plus probable ?",Diagnostic Il s’agit d’une fracture du col du fémur : basi-cervicale droite avec déplacement minime classée type III selon Delbet .,,Thèse N°53-18 (FMP Marrakech) — Fractures du membre inférieur de l'enfant,BoardReview CaseBasedLearning ClinicalReasoning LowerExtremity Mechanism::AVP Orthopedics Pediatrics Region::Femur Traumatology
Patient de 12ans qui avait été admis aux urgences pour traumatisme du membre inférieur droit suite à un accident de la voie publique. Diagnostic le plus probable ?,Diagnostic Il s’agit d’une fracture per trochantérienne avec un troisième fragment associée à une fracture du petit trochanter déplacée classée stade IV de Delbet .,,Thèse N°53-18 (FMP Marrakech) — Fractures du membre inférieur de l'enfant,BoardReview CaseBasedLearning ClinicalReasoning LowerExtremity Mechanism::AVP Orthopedics Pediatrics Region::Femur Traumatology
"Enfant de 7 ans, sans antécédents particuliers, victime d’un traumatisme au niveau du membre inférieur droit suite à une chute de sa hauteur sans autre point d’impact. Diagnostic le plus probable ?",Diagnostic Fracture diaphysaire du fémur droit à trait spiroïde avec un chevauchement.,,Thèse N°53-18 (FMP Marrakech) — Fractures du membre inférieur de l'enfant,BoardReview CaseBasedLearning ClinicalReasoning LowerExtremity Mechanism::Chute Orthopedics Pediatrics Region::Femur Traumatology
Patient de 13 ans victime d’un accident de la voie publique avec point d’impact au niveau du genou droit. Le patient avait présenté une impotence fonctionnelle totale du membre inférieur droit et un genou tuméfie. La palpation avait noté la présente d’une douleur exquise au niveau de l’extrémité inférieur du fémur droit Diagnostic le plus probable ?,Diagnostic Il s’agit d’un décollement épiphysaire type 1 de l’extrémité inférieure du fémur droit,,Thèse N°53-18 (FMP Marrakech) — Fractures du membre inférieur de l'enfant,BoardReview CaseBasedLearning ClinicalReasoning GrowthPlate LowerExtremity Mechanism::AVP Orthopedics Pediatrics Region::Femur SalterHarris Topic::DecollementEpiphysaire Traumatology
"Patient de 15 ans, avait été victime d’un accident de la voie publique avec point d’impact au niveau du genou droit. Diagnostic le plus probable ?",Diagnostic Il s’agit d’une fracture décollement épiphysaire de l’extrémité inférieur du fémur classée type II de Salter et Harris .,,Thèse N°53-18 (FMP Marrakech) — Fractures du membre inférieur de l'enfant,BoardReview CaseBasedLearning ClinicalReasoning GrowthPlate LowerExtremity Mechanism::AVP Orthopedics Pediatrics Region::Femur SalterHarris Topic::DecollementEpiphysaire Traumatology
"Patient de 14 ans, sans antécédents particuliers, avait été victime d’un traumatisme au niveau du genou droit lors d’un accident de la voie publique. Diagnostic le plus probable ?",Diagnostic C’est une fracture décollement épiphysaire type II de Salter et Harris de l’extrémité supérieure du tibia droit.,,Thèse N°53-18 (FMP Marrakech) — Fractures du membre inférieur de l'enfant,BoardReview CaseBasedLearning ClinicalReasoning GrowthPlate LowerExtremity Mechanism::AVP Orthopedics Pediatrics Region::Jambe SalterHarris Topic::DecollementEpiphysaire Traumatology
"Enfant de 12 ans, s’était présenté aux urgences pour traumatisme du genou gauche lors d’un accident de sport. Diagnostic le plus probable ?",Diagnostic Il s’agit d’une fracture transversale de la rotule classée type I de Duparc.,,Thèse N°53-18 (FMP Marrakech) — Fractures du membre inférieur de l'enfant,BoardReview CaseBasedLearning ClinicalReasoning LowerExtremity Mechanism::Sport Orthopedics Pediatrics Region::Genou Traumatology
"Patient de 14 ans, sans antécédents particuliers, victime d’un traumatisme du genou lors d’un accident de la voie publique. Diagnostic le plus probable ?",Diagnostic Fracture de l’épine tibiale type 4.,,Thèse N°53-18 (FMP Marrakech) — Fractures du membre inférieur de l'enfant,BoardReview CaseBasedLearning ClinicalReasoning LowerExtremity Mechanism::AVP Orthopedics Pediatrics Region::Genou Traumatology
"Patient de 15 ans, sans antécédents pathologiques particuliers, s’était présenté aux urgences suite à un traumatisme du genou gauche lors d’un accident de sport. Diagnostic le plus probable ?",Diagnostic Radiographies de profil de genou gauche d’un garçon de 15 ans objectivant une fracture de la tubérosité tibiale antérieure classée stade II d’Ogden.,,Thèse N°53-18 (FMP Marrakech) — Fractures du membre inférieur de l'enfant,BoardReview CaseBasedLearning ClinicalReasoning LowerExtremity Mechanism::Sport Orthopedics Pediatrics Region::Genou Traumatology
"Enfant de 5 ans, sans antécédents pathologiques particuliers, avait été ramené aux urgences suite à un traumatisme ouvert de la jambe droite secondaire à un accident de la voie publique (piéton heurté par voiture). Diagnostic le plus probable ?",Diagnostic Il s’agit d’une fracture ouverte du 1/3 distal des deux os de la jambe gauche légèrement déplacée,,Thèse N°53-18 (FMP Marrakech) — Fractures du membre inférieur de l'enfant,BoardReview CaseBasedLearning ClinicalReasoning Complications LowerExtremity Mechanism::AVP Orthopedics Pediatrics Region::Jambe Topic::FractureOuverte Traumatology
"Enfant de 6 ans, sans antécédents pathologiques particuliers, s’était présenté aux urgences suite à un traumatisme ouvert de la jambe gauche secondaire à un accident de la voie publique. Diagnostic le plus probable ?","Diagnostic Fracture du tiers inférieur de la jambe avec perte de substance cutanée et osseuse, classée Cauchoix III.",,Thèse N°53-18 (FMP Marrakech) — Fractures du membre inférieur de l'enfant,BoardReview CaseBasedLearning ClinicalReasoning Complications LowerExtremity Mechanism::AVP Orthopedics Pediatrics Region::Jambe Topic::FractureOuverte Traumatology
Enfant de 6 ans s’était présenté aux urgences suite à un accident de la voie publique à point d’impact au niveau de la jambe gauche. Diagnostic le plus probable ?,Diagnostic Fracture des deux os de la jambe a trait transversal avec déplacement externe sans angulation,,Thèse N°53-18 (FMP Marrakech) — Fractures du membre inférieur de l'enfant,BoardReview CaseBasedLearning ClinicalReasoning LowerExtremity Mechanism::AVP Orthopedics Pediatrics Region::Jambe Traumatology
"Enfant de 7 ans, victime d’un accident de la voie publique : le patient avait été heurté par une moto avec point d’impact cranio-facial et membre inférieur gauche. Diagnostic le plus probable ?",Diagnostic C’est une fracture médio-diaphysaire à trait transversal du tibia gauche.,,Thèse N°53-18 (FMP Marrakech) — Fractures du membre inférieur de l'enfant,BoardReview CaseBasedLearning ClinicalReasoning LowerExtremity Mechanism::AVP Orthopedics Pediatrics Region::Genou Traumatology
"Enfant de 6 ans, sans antécédents pathologiques particuliers, s’était présenté aux urgences pour un traumatisme fermé de la cheville droite suite à un accident sur la voie publique. Diagnostic le plus probable ?","Diagnostic Il s’agit d’une fracture décollement épiphysaire de la malléole interne, classée type III selon Salter & Harris.",,Thèse N°53-18 (FMP Marrakech) — Fractures du membre inférieur de l'enfant,BoardReview CaseBasedLearning ClinicalReasoning GrowthPlate LowerExtremity Mechanism::AVP Orthopedics Pediatrics Region::Cheville SalterHarris Topic::DecollementEpiphysaire Traumatology
"Patient de 13 ans, sans antécédents pathologiques particuliers, victime d’une chute d’escaliers qui avait occasionné chez lui un traumatisme fermé de la cheville. Diagnostic le plus probable ?",Diagnostic La radiographie de face et de profil de la cheville gauche met en évidence une fracture décollement épiphysaire de la malléole interne classée stade4 selon la classification de Salter et Harris (fracture de Mac Farland ).,,Thèse N°53-18 (FMP Marrakech) — Fractures du membre inférieur de l'enfant,BoardReview CaseBasedLearning ClinicalReasoning GrowthPlate LowerExtremity Mechanism::Chute Orthopedics Pediatrics Region::Cheville SalterHarris Topic::DecollementEpiphysaire Traumatology
"Patient de 12 ans, sans antécédents pathologiques particuliers, s’était présenté aux urgences suite à un traumatisme fermé de la cheville gauche occasionné lors d’une chute d’un lieu élevé. Diagnostic le plus probable ?",Diagnostic Il s’agit d’une fracture décollement épiphysaire de la cheville gauche classée type IV de Salter et Harris.,,Thèse N°53-18 (FMP Marrakech) — Fractures du membre inférieur de l'enfant,BoardReview CaseBasedLearning ClinicalReasoning GrowthPlate LowerExtremity Mechanism::Chute Orthopedics Pediatrics Region::Cheville SalterHarris Topic::DecollementEpiphysaire Traumatology
Quel enfant est surtout concerné par les fractures obstétricales et quels en sont les facteurs favorisants ?,"Réponse Surtout le nouveau-né à terme (80–90% des cas), rarement le prématuré. Facteurs favorisants : présentation anormale (siège, face) source de dystocie, et macrosomie.",,Thèses N°53-18 & N°55-18 (FMP Marrakech) — fractures de l'enfant,BoardReview LowerExtremity Mechanism::Obstetrical Orthopedics Pediatrics Traumatology UpperExtremity
Pourquoi les fractures du col radial sont-elles rares chez l'enfant ?,"Réponse Grâce à la structure cartilagineuse de l'épiphyse radiale qui amortit les chocs, et au retard d'apparition du noyau d'ossification (vers 5 ans). Elles sont associées à d'autres lésions dans 50% des cas.",,Thèses N°53-18 & N°55-18 (FMP Marrakech) — fractures de l'enfant,Orthopedics Pediatrics Region::Coude Topic::ColRadius Traumatology UpperExtremity
Quelle est la luxation la plus fréquente chez l'enfant et quel est son pronostic ?,Réponse La luxation du coude (le plus souvent postérieure). Sa réduction est simple si elle est faite rapidement et ne donne pas de séquelles à distance dans les formes isolées.,,Thèses N°53-18 & N°55-18 (FMP Marrakech) — fractures de l'enfant,BoardReview Orthopedics Pediatrics Region::Coude Traumatology UpperExtremity
Quelle est l'évolution habituelle d'une paralysie radiale constatée d'emblée lors d'une fracture de la diaphyse humérale ?,Réponse Elle est dans la majorité des cas due à une contusion du nerf radial dont les effets sont régressifs (récupération spontanée) ; l'attitude est donc le plus souvent expectative.,,Thèses N°53-18 & N°55-18 (FMP Marrakech) — fractures de l'enfant,BoardReview Complications Orthopedics Pediatrics Region::Bras Topic::Neurovasculaire Traumatology UpperExtremity
Qu'est-ce que le cubitus varus et quelle en est la cause habituelle ?,"Réponse Une déformation du coude en varus (inversion du valgus physiologique), séquelle classique d'un cal vicieux d'une fracture supra-condylienne mal réduite. Sa valeur est évaluée par l'angle de Baumann.",,Thèses N°53-18 & N°55-18 (FMP Marrakech) — fractures de l'enfant,BoardReview Complications Orthopedics Pediatrics Region::Coude Topic::CalVicieux Topic::Supracondylienne Traumatology UpperExtremity
Comment tester le nerf radial à l'examen d'un traumatisme du membre supérieur ?,Réponse Motricité : extension du poignet (flexion dorsale) et extension des métacarpo-phalangiennes. Sensibilité : tabatière anatomique (zone sensitive privilégiée du nerf radial).,,Thèses N°53-18 & N°55-18 (FMP Marrakech) — fractures de l'enfant,ClinicalReasoning Orthopedics Pediatrics Topic::Neurovasculaire Traumatology UpperExtremity
Quels paramètres surveiller en post-opératoire pour dépister un syndrome de loge ?,"Réponse L'apparition/extension de la douleur (signe le plus important), la mobilité et la sensibilité des doigts (déficit neurologique), et la coloration et la chaleur des extrémités.",,Thèses N°53-18 & N°55-18 (FMP Marrakech) — fractures de l'enfant,BoardReview Complications Orthopedics Pediatrics Topic::SyndromeDeLoge Traumatology
Quel est le geste clé du diagnostic d'une arthrite septique et comment doit-il être réalisé ?,"Réponse La ponction articulaire : geste réalisé en urgence au bloc opératoire, en conditions d'asepsie chirurgicale, sous anesthésie générale, et avant toute antibiothérapie.",,Thèses N°53-18 & N°55-18 (FMP Marrakech) — fractures de l'enfant,BoardReview LowerExtremity Orthopedics Pediatrics Topic::SepticArthritis Traumatology
Quelle est la priorité de prise en charge devant une fracture du bassin chez un enfant polytraumatisé ?,"Réponse L'évaluation et la stabilisation hémodynamique, respiratoire et neurologique : tout enfant hémodynamiquement instable relève de la réanimation (risque d'hémorragie rétro-péritonéale), avant la prise en charge de la fracture elle-même.",,Thèses N°53-18 & N°55-18 (FMP Marrakech) — fractures de l'enfant,BoardReview Complications LowerExtremity Orthopedics Pediatrics Region::Bassin Traumatology
Principes de prise en charge d'une fracture ouverte chez l'enfant ?,"Réponse Urgence chirurgicale : parage-lavage, antibiothérapie, prophylaxie antitétanique, et stabilisation du foyer. La classification de Cauchoix et Duparc évalue la gravité de l'ouverture cutanée.",,Thèses N°53-18 & N°55-18 (FMP Marrakech) — fractures de l'enfant,BoardReview Complications Orthopedics Pediatrics SurgicalManagement Topic::FractureOuverte Traumatology
De quoi dépend le potentiel de remodelage d'un cal vicieux chez l'enfant ?,"Réponse De l'âge (d'autant meilleur que l'enfant est jeune), de la proximité du cartilage de croissance le plus actif, et du caractère dans le plan de mobilité de l'articulation adjacente (les défauts d'angulation se corrigent mieux que les défauts de rotation).",,Thèses N°53-18 & N°55-18 (FMP Marrakech) — fractures de l'enfant,GrowthPlate NonOperativeManagement Orthopedics Pediatrics Traumatology
Particularités de la consolidation osseuse chez l'enfant ?,Réponse Le cal périphérique produit par le périoste est volumineux et rapide ; il englobe le foyer et permet la réalisation plus tardive du cal central. Les délais de consolidation sont plus courts que chez l'adulte.,,Thèses N°53-18 & N°55-18 (FMP Marrakech) — fractures de l'enfant,NonOperativeManagement Orthopedics Pediatrics Traumatology
Selon quelle classification décrit-on les fractures supra-condyliennes en extension de l'enfant ?,Réponse La classification de Lagrange et Rigault (stades de gravité croissante selon le déplacement).,,Thèses N°53-18 & N°55-18 (FMP Marrakech) — fractures de l'enfant,BoardReview Orthopedics Pediatrics Region::Coude Topic::Supracondylienne Traumatology UpperExtremity
Quelle est la complication précoce la plus redoutée d'une fracture supra-condylienne déplacée ?,"Réponse L'atteinte vasculo-nerveuse (artère humérale, nerf médian/interosseux antérieur, nerf radial) et le syndrome de loge pouvant évoluer vers un syndrome de Volkmann. Le pouls radial et l'examen neurologique doivent être systématiquement vérifiés.",,Thèses N°53-18 & N°55-18 (FMP Marrakech) — fractures de l'enfant,BoardReview Complications Orthopedics Pediatrics Region::Coude Topic::Neurovasculaire Topic::Supracondylienne Topic::SyndromeDeLoge Traumatology UpperExtremity
Quels sont les critères d'appréciation des résultats des fractures du condyle latéral et le repère radiographique utilisé ?,Réponse Les critères de Marion et Lagrange. L'angle de Baumann (axe diaphysaire huméral / ligne parallèle au cartilage de croissance du condyle latéral) est le repère ; valeur moyenne ~72–75° ± 5°.,,Thèses N°53-18 & N°55-18 (FMP Marrakech) — fractures de l'enfant,BoardReview Imaging Orthopedics Pediatrics Region::Coude Topic::CondyleLateral Traumatology UpperExtremity
Conduite devant une fracture-décollement épiphysaire (Salter-Harris III) de la malléole médiale ?,Réponse Réduction chirurgicale par abord du côté du fragment épiphysaire et synthèse par vis (fracture intra-articulaire déplacée → réduction anatomique nécessaire pour préserver la croissance et la congruence articulaire).,,Thèses N°53-18 & N°55-18 (FMP Marrakech) — fractures de l'enfant,BoardReview GrowthPlate LowerExtremity Orthopedics Pediatrics Region::Cheville SalterHarris SurgicalManagement Traumatology
Selon quelle classification décompose-t-on la lésion de Monteggia ?,Réponse La classification de Trillat (qui distingue plusieurs groupes selon le sens de la luxation de la tête radiale et le déplacement de l'ulna).,,Thèses N°53-18 & N°55-18 (FMP Marrakech) — fractures de l'enfant,BoardReview Orthopedics Pediatrics Region::AvantBras Topic::Monteggia Traumatology UpperExtremity
Pourquoi une fracture du col fémoral expose-t-elle à un risque de nécrose de la tête fémorale chez l'enfant ?,Réponse Parce que la tête fémorale est vascularisée surtout par un pédicule postéro-supérieur (issu de l'artère circonflexe postérieure) irriguant les trois quarts supérieurs de la tête ; ce réseau précaire est facilement lésé par la fracture.,,Thèses N°53-18 & N°55-18 (FMP Marrakech) — fractures de l'enfant,BoardReview Complications LowerExtremity Orthopedics Pediatrics Region::Femur Topic::Neurovasculaire Traumatology
Quel rapport vasculaire explique le risque de lésion artérielle dans les fractures de l'extrémité supérieure du tibia ?,"Réponse La face postérieure du tibia est en rapport étroit avec l'artère poplitée, qui peut être lésée par les fragments fracturés.",,Thèses N°53-18 & N°55-18 (FMP Marrakech) — fractures de l'enfant,BoardReview Complications LowerExtremity Orthopedics Pediatrics Region::Genou Topic::Neurovasculaire Traumatology
"Quelles localisations de cartilage de croissance sont les plus actives, et quelle en est l'implication ?","Réponse Celles « près du genou et loin du coude » (extrémité inférieure du fémur, extrémité supérieure du tibia, extrémité supérieure de l'humérus, extrémité inférieure du radius). Une atteinte y entraîne les troubles de croissance les plus importants.",,Thèses N°53-18 & N°55-18 (FMP Marrakech) — fractures de l'enfant,BoardReview GrowthPlate Orthopedics Pediatrics Traumatology
Quel traitement pour une fracture en motte de beurre (torus) du poignet ?,"Réponse Fracture stable et bénigne : simple immobilisation (attelle/plâtre) sans réduction, consolidation rapide et sans séquelle.",,Thèses N°53-18 & N°55-18 (FMP Marrakech) — fractures de l'enfant,NonOperativeManagement Orthopedics Pediatrics Region::Poignet Traumatology UpperExtremity
Comment traite-t-on une fracture en bois-vert avec angulation ?,"Réponse Réduction orthopédique (correction de l'angulation, parfois en complétant la rupture de la corticale intacte) puis immobilisation plâtrée, en surveillant le déplacement secondaire.",,Thèses N°53-18 & N°55-18 (FMP Marrakech) — fractures de l'enfant,NonOperativeManagement Orthopedics Pediatrics Topic::BoisVert Traumatology
Traitement d'une lésion de la clavicule à déplacement postérieur du quart interne ?,Réponse Il peut être nécessaire de réduire le déplacement sous anesthésie générale et d'assurer une stabilisation chirurgicale (risque de compression des structures médiastinales/vasculo-nerveuses).,,Thèses N°53-18 & N°55-18 (FMP Marrakech) — fractures de l'enfant,Orthopedics Pediatrics Region::Clavicule SurgicalManagement Topic::Clavicule Traumatology UpperExtremity
Quelle complication aiguë redouter après une fracture des deux os de l'avant-bras ?,"Réponse Le syndrome de loge (de la loge antérieure de l'avant-bras), pouvant évoluer vers un syndrome de Volkmann en l'absence de prise en charge.",,Thèses N°53-18 & N°55-18 (FMP Marrakech) — fractures de l'enfant,BoardReview Complications Orthopedics Pediatrics Region::AvantBras Topic::SyndromeDeLoge Traumatology UpperExtremity
Pourquoi la fracture du condyle latéral expose-t-elle particulièrement à la pseudarthrose ?,"Réponse Parce qu'il s'agit d'une fracture articulaire, souvent instable, baignée de liquide synovial qui gêne la consolidation ; une réduction-fixation anatomique est requise si déplacement.",,Thèses N°53-18 & N°55-18 (FMP Marrakech) — fractures de l'enfant,BoardReview Complications Orthopedics Pediatrics Region::Coude Topic::CondyleLateral Topic::Pseudarthrose Traumatology UpperExtremity
"Quelles déformations se corrigent le mieux par remodelage, et lesquelles se corrigent mal ?",Réponse Les angulations dans le plan de mobilité de l'articulation adjacente et chez le jeune enfant se corrigent bien ; les défauts de rotation (décalage) ne se corrigent pas par remodelage.,,Thèses N°53-18 & N°55-18 (FMP Marrakech) — fractures de l'enfant,BoardReview GrowthPlate NonOperativeManagement Orthopedics Pediatrics Traumatology
Quelles lésions associées rechercher systématiquement devant une fracture de l'anneau pelvien ?,"Réponse Surtout des lésions du tractus uro-génital (rupture de l'urètre, de la vessie, plaies périnéales/vaginales/rectales) et des lésions vasculaires ; bilan d'un polytraumatisé (crâne, thorax, abdomen).",,Thèses N°53-18 & N°55-18 (FMP Marrakech) — fractures de l'enfant,BoardReview Complications LowerExtremity Orthopedics Pediatrics Region::Bassin Traumatology
Comment rechercher cliniquement une instabilité de l'anneau pelvien ?,"Réponse Par la palpation des repères osseux et la recherche d'une instabilité en écartant et rapprochant les épines iliaques antéro-supérieures ; compléter par examen vasculaire, neurologique (sensibilité périnéale) et bilan urologique.",,Thèses N°53-18 & N°55-18 (FMP Marrakech) — fractures de l'enfant,ClinicalReasoning LowerExtremity Orthopedics Pediatrics Region::Bassin Traumatology
Prise en charge Décollement épiphysaire stade II de SALTER et HARRIS de l’extrémité supérieure de l’humérus gauche avec déplacement important. Traitement de référence ?,Traitement Réduction orthopédique sous anesthésie générale et stabilisation par un embrochage percutané fasciculé en palmier .,,Thèse N°55-18 (FMP Marrakech) — Fractures du membre supérieur de l'enfant,BoardReview CaseBasedLearning GrowthPlate Mechanism::Chute NonOperativeManagement Orthopedics Pediatrics Region::Epaule SalterHarris SurgicalManagement Topic::DecollementEpiphysaire Traumatology UpperExtremity
Prise en charge Fracture métaphysaire légérement déplacé de l’extrémité supérieure de l’humérus gauche. Traitement de référence ?,"Traitement Réduction orthopédique sous scope avec un embrochage centro-médullaire élastique stable . fig2 Après une durée de 4 mois, la radiographie a montré:",,Thèse N°55-18 (FMP Marrakech) — Fractures du membre supérieur de l'enfant,BoardReview CaseBasedLearning Mechanism::Chute Mechanism::Sport NonOperativeManagement Orthopedics Pediatrics Region::Epaule SurgicalManagement Traumatology UpperExtremity
Prise en charge Fracture supra-condylienne du coude droit stade I . Traitement de référence ?,"Traitement La contention selon la méthode de BLOUNT. Elle se fait par l’immobilisation du coude en hyper-flexion , ou un plâtre brachio-anté-brachio-palmaire en légère flexion du coude, à garder pendant 4 semaines.",,Thèse N°55-18 (FMP Marrakech) — Fractures du membre supérieur de l'enfant,BoardReview CaseBasedLearning Mechanism::Chute NonOperativeManagement Orthopedics Pediatrics Region::Coude Topic::Supracondylienne Traumatology UpperExtremity
Prise en charge Fracture supra-condylienne gauche stade II par mécanisme en extension. Traitement de référence ?,"Traitement Le traitement consiste en une réduction sous anesthésie générale, suivie d’une ostéosynthèse par broches selon la technique de JUDET. fig4",,Thèse N°55-18 (FMP Marrakech) — Fractures du membre supérieur de l'enfant,BoardReview CaseBasedLearning Orthopedics Pediatrics Region::Coude SurgicalManagement Topic::Supracondylienne Traumatology UpperExtremity
Prise en charge Les complications à redouter sont: ✔ la lésion vasculaire ✔ l’ouverture cutanée ✔ la lésion du nerf inter-osseux antérieur ✔ la lésion du nerf médian fig7: photo d'une fracture supra-condylienne en extension avec ouverture cutanée Traitement de référence ?,"Traitement Réduction orthopédique, avec fixation par deux broches selon la technique de JUDET. Immobilisation plâtré pendant 45j . fig4 La radiographie après la fin du traitement et ablation des broches a montré fig5, fig6 fig5",,Thèse N°55-18 (FMP Marrakech) — Fractures du membre supérieur de l'enfant,BoardReview CaseBasedLearning Complications Mechanism::Chute NonOperativeManagement Orthopedics Pediatrics Region::Coude SurgicalManagement Topic::FractureOuverte Topic::Neurovasculaire Topic::Supracondylienne Traumatology UpperExtremity
Prise en charge Fracture supra-condylienne gauche stade III avec déplacement en avant du fragment inférieur (mécanisme en flexion). Traitement de référence ?,"Traitement Réduction orthopédique, avec fixation par deux broches selon la technique de JUDET avec une immobilisation plâtrée pendant 45j .",,Thèse N°55-18 (FMP Marrakech) — Fractures du membre supérieur de l'enfant,BoardReview CaseBasedLearning Mechanism::Chute NonOperativeManagement Orthopedics Pediatrics Region::Coude SurgicalManagement Topic::Supracondylienne Traumatology UpperExtremity
Prise en charge Fracture du condyle externe gauche stade II selon la classification de LAGRANGE et RIGAULT. Traitement de référence ?,"Traitement Le traitement doit être chirurgical, car il s’agit d’une fracture articulaire. Le fragment distal doit être reposé anatomiquement, sans décalage ni aucun déplacement résiduel . fig3",,Thèse N°55-18 (FMP Marrakech) — Fractures du membre supérieur de l'enfant,BoardReview CaseBasedLearning Mechanism::Chute Orthopedics Pediatrics Region::Coude SurgicalManagement Topic::CondyleLateral Traumatology UpperExtremity
"Prise en charge Classification de MILCH : fig3 Type I: le trait se termine dans la gorge trochléenne Type II: le trait se termine dans la gorge capitello-trochléaire fig3: schéma des stades de la classification de Milch pour les fractures du condyle interne Classification de BENSAHEL: est la plus utilisée, elle tient compte du déplacement Stade 1: non déplacé Stade 2: déplacement médial sans rotation Stade 3: important déplacement avec rotation Traitement de référence ?",Traitement Réduction chirurgicale avec maintient par un embrochage divergent par 2 broches de Kirschner. fig4,,Thèse N°55-18 (FMP Marrakech) — Fractures du membre supérieur de l'enfant,BoardReview CaseBasedLearning Mechanism::AVP Orthopedics Pediatrics Region::Coude SurgicalManagement Topic::EpicondyleMedial Traumatology UpperExtremity
Prise en charge Fracture de la tête radiale gauche stade 2. Traitement de référence ?,Traitement Réduction par manœuvre externe. Avec mise en place d’un plâtre brachio-anté-brachio-palmaire en pronation.,,Thèse N°55-18 (FMP Marrakech) — Fractures du membre supérieur de l'enfant,BoardReview CaseBasedLearning Mechanism::Chute NonOperativeManagement Orthopedics Pediatrics Region::Coude Topic::ColRadius Traumatology UpperExtremity
Prise en charge Fracture du col radial droit stade IV selon JUDET. Traitement de référence ?,Traitement Une réduction de la tête radiale par poinçonnage percutané maintenu par un embrochage selon METAIZEAU .,,Thèse N°55-18 (FMP Marrakech) — Fractures du membre supérieur de l'enfant,BoardReview CaseBasedLearning Mechanism::Chute Orthopedics Pediatrics Region::Coude SurgicalManagement Topic::ColRadius Traumatology UpperExtremity
Prise en charge Fracture déplacée de l’épitrochlée droite. Traitement de référence ?,Traitement Abord chirurgical avec réduction et embrochage divergent par 2 broches de Kirchner (après protection du nerf ulnaire) fig7,,Thèse N°55-18 (FMP Marrakech) — Fractures du membre supérieur de l'enfant,BoardReview CaseBasedLearning Complications Mechanism::Chute Orthopedics Pediatrics Region::Coude SurgicalManagement Topic::EpicondyleMedial Topic::Neurovasculaire Traumatology UpperExtremity
"Prise en charge La perturbation des repères anatomique du coude oriente en premier, vers une luxation postérieure du coude droit. Traitement de référence ?",Traitement Réduction sous anesthésie générale et testing de la stabilité du coude sur le plan frontal. Dans notre cas l'épitrochlée est revenue à sa place. Le maintient se fait par plâtre brachio-antébrachio-palmaire pendant 3 semaines. Il se fait en pronation afin de relacher les muscles épitrochléens.,,Thèse N°55-18 (FMP Marrakech) — Fractures du membre supérieur de l'enfant,BoardReview CaseBasedLearning Mechanism::Chute NonOperativeManagement Orthopedics Pediatrics Region::Coude Topic::EpicondyleMedial Traumatology UpperExtremity
Prise en charge Fracture articulaire de l’olécrane droit déplacée. Traitement de référence ?,Traitement Réduction chirurgicale à ciel ouvert avec embrochage par 2 broches avec haubanage par un fil d’acier . fig3,,Thèse N°55-18 (FMP Marrakech) — Fractures du membre supérieur de l'enfant,BoardReview CaseBasedLearning Mechanism::Chute Orthopedics Pediatrics Region::Coude SurgicalManagement Topic::Olecrane Traumatology UpperExtremity
Prise en charge Syndrome de loge de l'avant-bras gauche sur Jbira Traitement de référence ?,Traitement Hospitalisation Mise en place d’une attelle Anti inflammatoire par voie intra-veineuse Surélévation de la main Traitement orthopédique après tarissement de l’œdème.,,Thèse N°55-18 (FMP Marrakech) — Fractures du membre supérieur de l'enfant,BoardReview CaseBasedLearning Complications Mechanism::Chute NonOperativeManagement Orthopedics Pediatrics Region::Coude Topic::SyndromeDeLoge Traumatology UpperExtremity
Prise en charge Fracture diaphysaire des deux os de l’avant bras gauche. Traitement de référence ?,"Traitement Réduction orthopédique, sous anesthésie générale, maintenue par un plâtre brachio-anté-brachio-palmaire.",,Thèse N°55-18 (FMP Marrakech) — Fractures du membre supérieur de l'enfant,BoardReview CaseBasedLearning Mechanism::Chute NonOperativeManagement Orthopedics Pediatrics Region::AvantBras Traumatology UpperExtremity
Prise en charge Fracture-décollement épiphysaire de l’extrémité inférieur du radius SALTER I Traitement de référence ?,"Traitement Réduction orthopédique, maintenue par un plâtre brachio-anté-brachio-palmaire poignet en flexion prono-supination neutre et coude fléchit à 90°. Le plâtre sera redressé après 3 semaines.",,Thèse N°55-18 (FMP Marrakech) — Fractures du membre supérieur de l'enfant,BoardReview CaseBasedLearning GrowthPlate Mechanism::Chute NonOperativeManagement Orthopedics Pediatrics Region::Poignet SalterHarris Topic::DecollementEpiphysaire Traumatology UpperExtremity
Prise en charge Il s’agit d’une fracture de la diaphyse fémorale déplacée avec angulation importante Traitement de référence ?,Traitement On procède à une réduction dans l’axe suivi d’une immobilisation par une attelle.,,Thèse N°53-18 (FMP Marrakech) — Fractures du membre inférieur de l'enfant,BoardReview CaseBasedLearning LowerExtremity Mechanism::Obstetrical NonOperativeManagement Orthopedics Pediatrics Region::Femur Traumatology
Prise en charge Fractures ilio-pubienne et ischio-pubienne gauche et du sacrum gauche. Traitement de référence ?,"Traitement Tout d’abord, il faut reconnaître et traiter les 3 urgences vitales : Cardio circulatoire É TAT DE CHOC dû à une lésion hémorragique interne ou extériorisée. DIAGNOSTIC POSITIF : o pâleur des téguments, marbrures des genoux, o pouls rapide et filant, temps de recoloration cutanée allongé, tension artérielle abaissée avec pincement de la différentielle. CONDUITE À TENIR : o oxygénothérapie au masque voire intubation trachéale et ventilation, o mise en place de deux voies d’abord veineux périphériques de gros calibre, o restauration de la volémie par remplissage vasculaire, o massage cardiaque en cas d’arrêt cardio-circulatoire. Respiratoire DIAGNOSTIC POSITIF : o Agitation, polypnée ou bradypnée, signes de lutte ou d’encombrement, cyanose. CONDUITE À TENIR : o Libération des voies aériennes supérieures (extraction d’un corps étranger, prévention de la chute en arrière de la langue par sub-luxation de la mandibule). o Intubation trachéale et ventilation, rachis cervical en rectitude. Neurologique É tat de conscience (score de Glasgow), réflexe photo- moteur, motilité spontanée.",,Thèse N°53-18 (FMP Marrakech) — Fractures du membre inférieur de l'enfant,BoardReview CaseBasedLearning ClinicalReasoning LowerExtremity Mechanism::AVP NonOperativeManagement Orthopedics Pediatrics Region::Genou Traumatology
"Prise en charge Il s’agit d’une fracture du col du fémur : Fracture décollement épiphysaire, type I selon Salter & Harris et classé type I selon Delbet. Traitement de référence ?",Traitement On demande un scanner du bassin,,Thèse N°53-18 (FMP Marrakech) — Fractures du membre inférieur de l'enfant,BoardReview CaseBasedLearning GrowthPlate LowerExtremity Mechanism::AVP Orthopedics Pediatrics Region::Femur SalterHarris Topic::DecollementEpiphysaire Traumatology
Prise en charge Il s’agit d’une fracture du col du fémur : transcervicale droite non déplacée classée type II selon Delbet. Traitement de référence ?,"Traitement On propose un traitement chirurgical : Réduction en urgence au bloc opératoire, sous anesthésie générale, sur table orthopédique sous contrôle scopique à l’amplificateur de brillance en abduction et rotation interne. Contention du foyer de fracture par ostéosynthèse interne : vissage par vis canulées. Repos strict. Mise en charge après consolidation.",,Thèse N°53-18 (FMP Marrakech) — Fractures du membre inférieur de l'enfant,BoardReview CaseBasedLearning LowerExtremity Mechanism::AVP NonOperativeManagement Orthopedics Pediatrics Region::Femur SurgicalManagement Traumatology
Prise en charge Il s’agit d’une fracture du col du fémur : basi-cervicale droite avec déplacement minime classée type III selon Delbet . Traitement de référence ?,"Traitement On propose un traitement chirurgical : en urgence au bloc opératoire, sous anesthésie générale, sur table orthopédique sous contrôle scopique à l’amplificateur de brillance en abduction et rotation interne. -contention du foyer de fracture par ostéosynthèse interne : vissage. -Immobilisation plâtrée : plâtre pelvi-pédieux pendant 2 mois. -mise en charge après consolidation.",,Thèse N°53-18 (FMP Marrakech) — Fractures du membre inférieur de l'enfant,BoardReview CaseBasedLearning LowerExtremity Mechanism::AVP NonOperativeManagement Orthopedics Pediatrics Region::Femur SurgicalManagement Traumatology
Prise en charge Il s’agit d’une fracture per trochantérienne avec un troisième fragment associée à une fracture du petit trochanter déplacée classée stade IV de Delbet . Traitement de référence ?,Traitement Le traitement est chirurgical : réduction à ciel ouvert du foyer et stabilisation par une plaque et vissage du petit trochanter.,,Thèse N°53-18 (FMP Marrakech) — Fractures du membre inférieur de l'enfant,BoardReview CaseBasedLearning LowerExtremity Mechanism::AVP Orthopedics Pediatrics Region::Femur SurgicalManagement Traumatology
Prise en charge Fracture diaphysaire du fémur droit à trait spiroïde avec un chevauchement. Traitement de référence ?,Traitement -Chercher lésions associées et surveillance des constantes générales. -Pose d’une voie veineuse permettant l’administration d’antalgiques. -Réalisation d’une anesthésie locorégionale de type bloc crural : elle doit être effectuée avant toute autre investigation dès que le diagnostic de fracture du fémur est évoqué. Elle permettra la manipulation et l’installation indolore de l’enfant.,,Thèse N°53-18 (FMP Marrakech) — Fractures du membre inférieur de l'enfant,BoardReview CaseBasedLearning ClinicalReasoning LowerExtremity Mechanism::Chute Orthopedics Pediatrics Region::Femur Traumatology
Prise en charge Il s’agit d’un décollement épiphysaire type 1 de l’extrémité inférieure du fémur droit Traitement de référence ?,Traitement Réduction de la fracture et embrochage en tour Eiffel puis immobilisation par plâtre cruro pédieux en légère flexion du genou Mise en charge après consolidation.,,Thèse N°53-18 (FMP Marrakech) — Fractures du membre inférieur de l'enfant,BoardReview CaseBasedLearning GrowthPlate LowerExtremity Mechanism::AVP NonOperativeManagement Orthopedics Pediatrics Region::Femur SalterHarris SurgicalManagement Topic::DecollementEpiphysaire Traumatology
Prise en charge Il s’agit d’une fracture décollement épiphysaire de l’extrémité inférieur du fémur classée type II de Salter et Harris . Traitement de référence ?,"Traitement Sous anesthésie générale, au bloc opératoire, réduction à ciel fermé du foyer de fracture et fixation par vissage puis immobilisation par genouillère plâtrée pendant 4 à 6 semaines.",,Thèse N°53-18 (FMP Marrakech) — Fractures du membre inférieur de l'enfant,BoardReview CaseBasedLearning GrowthPlate LowerExtremity Mechanism::AVP NonOperativeManagement Orthopedics Pediatrics Region::Femur SalterHarris SurgicalManagement Topic::DecollementEpiphysaire Traumatology
Prise en charge C’est une fracture décollement épiphysaire type II de Salter et Harris de l’extrémité supérieure du tibia droit. Traitement de référence ?,"Traitement Sous anesthésie générale, réduction à ciel fermé et vissage percutané suivi d’une immobilisation par plâtre cruro-pédieux.",,Thèse N°53-18 (FMP Marrakech) — Fractures du membre inférieur de l'enfant,BoardReview CaseBasedLearning GrowthPlate LowerExtremity Mechanism::AVP NonOperativeManagement Orthopedics Pediatrics Region::Jambe SalterHarris SurgicalManagement Topic::DecollementEpiphysaire Traumatology
Prise en charge Il s’agit d’une fracture transversale de la rotule classée type I de Duparc. Traitement de référence ?,Traitement Sous anesthésie générale au bloc opératoire : réduction chirurgicale à ciel ouvert et ostéosynthèse par cerclage haubanage.,,Thèse N°53-18 (FMP Marrakech) — Fractures du membre inférieur de l'enfant,BoardReview CaseBasedLearning LowerExtremity Mechanism::Sport Orthopedics Pediatrics Region::Genou SurgicalManagement Traumatology
Prise en charge Fracture de l’épine tibiale type 4. Traitement de référence ?,"Traitement Au bloc opératoire, sous anesthésie générale, réduction du foyer et fixation par deux vis canulées.",,Thèse N°53-18 (FMP Marrakech) — Fractures du membre inférieur de l'enfant,BoardReview CaseBasedLearning LowerExtremity Mechanism::AVP Orthopedics Pediatrics Region::Genou SurgicalManagement Traumatology
Prise en charge Radiographies de profil de genou gauche d’un garçon de 15 ans objectivant une fracture de la tubérosité tibiale antérieure classée stade II d’Ogden. Traitement de référence ?,"Traitement Au bloc opératoire, réduction et par vissage puis immobilisation par plâtre cruropédieux pendant 4 à 6 semaines.",,Thèse N°53-18 (FMP Marrakech) — Fractures du membre inférieur de l'enfant,BoardReview CaseBasedLearning LowerExtremity Mechanism::Sport NonOperativeManagement Orthopedics Pediatrics Region::Genou SurgicalManagement Traumatology
Prise en charge Il s’agit d’une fracture ouverte du 1/3 distal des deux os de la jambe gauche légèrement déplacée Traitement de référence ?,"Traitement Vu l’ouverture cutanée, on propose un traitement chirurgical : sous anesthésie générale : ablation des corps étrangers, brossage de la plaie à l’eau oxygénée, lavage abondant au sérum physiologique, parage, suture et pansement antiseptique, excision plan par plan des tissus dévitalisés, fermeture cutanée sans tension, réduction manuelle sous contrôle scopique à l’amplificateur de brillance, contention du foyer de fracture par un fixateur externe.",,Thèse N°53-18 (FMP Marrakech) — Fractures du membre inférieur de l'enfant,BoardReview CaseBasedLearning Complications LowerExtremity Mechanism::AVP NonOperativeManagement Orthopedics Pediatrics Region::Jambe SurgicalManagement Topic::FractureOuverte Traumatology
"Prise en charge Fracture du tiers inférieur de la jambe avec perte de substance cutanée et osseuse, classée Cauchoix III. Traitement de référence ?","Traitement Conduite thérapeutique en urgence : premier parage aux urgences, lavage abondant au sérum physiologique, ablation des corps étrangers sérum antitétanique, traitement antalgique: paracétamol à raison de 60 mg/kg/j par voie rectale, anti-inflammatoires non stéroïdiens (AINS): Acide niflurique, antibiothérapie parentérale en intraveineuse, bactéricide débutée immédiatement en monothérapie immobilisation temporaire du foyer de fracture dans une attelle, demander une radiographie de la jambe laisser l’enfant à jeun",,Thèse N°53-18 (FMP Marrakech) — Fractures du membre inférieur de l'enfant,BoardReview CaseBasedLearning Complications LowerExtremity Mechanism::AVP NonOperativeManagement Orthopedics Pediatrics Region::Jambe Topic::FractureOuverte Traumatology
Prise en charge Fracture des deux os de la jambe a trait transversal avec déplacement externe sans angulation Traitement de référence ?,Traitement On procède à une réduction manuelle au bloc opératoire sous anesthésie générale avec contrôle scopique sous amplificateur de brillance puis à une immobilisation plâtrée : on confectionne un plâtre cruro-pédieux que le patient gardera pendant 3 mois.,,Thèse N°53-18 (FMP Marrakech) — Fractures du membre inférieur de l'enfant,BoardReview CaseBasedLearning LowerExtremity Mechanism::AVP NonOperativeManagement Orthopedics Pediatrics Region::Jambe SurgicalManagement Traumatology
Prise en charge C’est une fracture médio-diaphysaire à trait transversal du tibia gauche. Traitement de référence ?,"Traitement Tout d’abord, il faut reconnaître et traiter les 3 urgences vitales : Cardio circulatoire · É TAT DE CHOC dû à une lésion hémorragique interne ou extériorisée. · DIAGNOSTIC POSITIF : o pâleur des téguments, marbrures des genoux, o pouls rapide et filant, temps de recoloration cutanée allongé, tension artérielle abaissée avec pincement de la différentielle. · CONDUITE À TENIR : o oxygénothérapie au masque voire intubation trachéale et ventilation, o mise en place de deux voies d’abord veineux périphériques de gros calibre, o restauration de la volémie par remplissage vasculaire, o massage cardiaque en cas d’arrêt cardio-circulatoire. Respiratoire · DIAGNOSTIC POSITIF : o Agitation, polypnée ou bradypnée, signes de lutte ou d’encombrement, cyanose. · CONDUITE À TENIR : o Libération des voies aériennes supérieures (extraction d’un corps étranger, prévention de la chute en arrière de la langue par sub-luxation de la mandibule). o Intubation trachéale et ventilation, rachis cervical en rectitude. Neurologique · É tat de conscience (score de Glasgow), réflexe photo- moteur, motilité spontanée. e.",,Thèse N°53-18 (FMP Marrakech) — Fractures du membre inférieur de l'enfant,BoardReview CaseBasedLearning ClinicalReasoning LowerExtremity Mechanism::AVP NonOperativeManagement Orthopedics Pediatrics Region::Genou Traumatology
"Prise en charge Il s’agit d’une fracture décollement épiphysaire de la malléole interne, classée type III selon Salter & Harris. Traitement de référence ?","Traitement C’est une fracture décollement épiphysaire de la malléole interne, donc on procédera à une réduction chirurgicale par abord du côté du fragment épiphysaire et une synthèse par vis : réduction manuelle au bloc opératoire sous anesthésie générale, en urgence, par manœuvres externes, sous contrôle scopique à l’amplificateur de brillance, contention du foyer de fracture par embrochage, immobilisation plâtrée : botte plâtrée pendant 45 jours, ablation des vis après consol",,Thèse N°53-18 (FMP Marrakech) — Fractures du membre inférieur de l'enfant,BoardReview CaseBasedLearning GrowthPlate LowerExtremity Mechanism::AVP NonOperativeManagement Orthopedics Pediatrics Region::Cheville SalterHarris SurgicalManagement Topic::DecollementEpiphysaire Traumatology
Prise en charge Il s’agit d’une fracture décollement épiphysaire de la cheville gauche classée type IV de Salter et Harris. Traitement de référence ?,"Traitement C’est une indication au traitement chirurgical : Au bloc opératoire, réduction du foyer fracturaire et stabilisation par vissage suivi d’un traitement complémentaire par immobilisation plâtrée pour une durée de 4 à 6 semaines.",,Thèse N°53-18 (FMP Marrakech) — Fractures du membre inférieur de l'enfant,BoardReview CaseBasedLearning GrowthPlate LowerExtremity Mechanism::Chute NonOperativeManagement Orthopedics Pediatrics Region::Cheville SalterHarris SurgicalManagement Topic::DecollementEpiphysaire Traumatology
Particularités des fractures de l'extrémité supérieure de l'humérus (décollements épiphysaires) chez l'enfant ?,"Réponse Très fréquentes, souvent de type Salter-Harris I ou II. Le cartilage de croissance proximal de l'humérus assure ~80% de la croissance de l'os : énorme potentiel de remodelage, d'où un traitement le plus souvent orthopédique même en cas de déplacement important.",,Thèses N°53-18 & N°55-18 (FMP Marrakech) — fractures de l'enfant,BoardReview GrowthPlate NonOperativeManagement Orthopedics Pediatrics Region::Epaule SalterHarris Traumatology UpperExtremity
Traitement d'une fracture stable de l'anneau pelvien chez l'enfant ?,Réponse Le plus souvent orthopédique : repos au lit pendant quelques jours puis reprise de la marche en décharge.,,Thèses N°53-18 & N°55-18 (FMP Marrakech) — fractures de l'enfant,LowerExtremity NonOperativeManagement Orthopedics Pediatrics Region::Bassin Traumatology
Quelle est la prise en charge d'une fracture des épines tibiales selon le type (Meyers-McKeever) ?,Réponse Types 1–2 : traitement orthopédique (réduction par extension du genou puis immobilisation cruro-pédieuse). Types 3–4 (et type 2 irréductible) : réduction et ostéosynthèse chirurgicale (arthroscopie ou arthrotomie).,,Thèses N°53-18 & N°55-18 (FMP Marrakech) — fractures de l'enfant,BoardReview LowerExtremity NonOperativeManagement Orthopedics Pediatrics Region::Genou SurgicalManagement Traumatology
Quel est le cartilage de croissance qui assure la plus grande part de la croissance au membre supérieur et au membre inférieur ?,"Réponse Membre supérieur : physe proximale de l'humérus et physe distale du radius (les plus actives, « loin du coude »). Membre inférieur : physes autour du genou (fémur distal, tibia proximal).",,Thèses N°53-18 & N°55-18 (FMP Marrakech) — fractures de l'enfant,BoardReview GrowthPlate Orthopedics Pediatrics Traumatology
Pourquoi prévenir les parents lors d'une fracture passant par le cartilage de croissance ?,"Réponse Parce qu'un trouble de croissance (épiphysiodèse, désaxation, inégalité de longueur) peut apparaître à distance ; une information claire les rend attentifs et justifie un contrôle radiologique à 1 an.",,Thèses N°53-18 & N°55-18 (FMP Marrakech) — fractures de l'enfant,Complications GrowthPlate Orthopedics Pediatrics Traumatology
Mécanisme typique d'une fracture supra-condylienne en extension de l'enfant ?,"Réponse Une chute sur la main, coude en extension (hyper-extension forcée), favorisée par l'hyperlaxité physiologique du coude de l'enfant.",,Thèses N°53-18 & N°55-18 (FMP Marrakech) — fractures de l'enfant,BoardReview Mechanism::Chute Orthopedics Pediatrics Region::Coude Topic::Supracondylienne Traumatology UpperExtremity
Que faut-il toujours vérifier et documenter devant un traumatisme du coude chez l'enfant ?,"Réponse L'état vasculo-nerveux distal : pouls radial, coloration/chaleur de la main, et fonction des nerfs médian (dont interosseux antérieur), ulnaire et radial — avant et après toute manœuvre de réduction.",,Thèses N°53-18 & N°55-18 (FMP Marrakech) — fractures de l'enfant,BoardReview ClinicalReasoning Orthopedics Pediatrics Region::Coude Topic::Neurovasculaire Traumatology UpperExtremity
Quel est le traitement de référence d'une fracture diaphysaire déplacée des deux os de l'avant-bras chez le grand enfant ?,Réponse Réduction et embrochage centro-médullaire élastique stable (ECMES / technique de Métaizeau) ; le traitement orthopédique (réduction + plâtre brachio-anté-brachio-palmaire) reste possible pour les formes peu déplacées grâce au remodelage.,,Thèses N°53-18 & N°55-18 (FMP Marrakech) — fractures de l'enfant,BoardReview NonOperativeManagement Orthopedics Pediatrics Region::AvantBras SurgicalManagement Traumatology UpperExtremity
Quel délai de surveillance impose une fracture déplacée traitée orthopédiquement (plâtre) chez l'enfant ?,"Réponse Une surveillance rapprochée du déplacement secondaire par radiographies de contrôle (typiquement à J8 puis régulièrement), et une surveillance immédiate de la tolérance du plâtre (douleur, doigts).",,Thèses N°53-18 & N°55-18 (FMP Marrakech) — fractures de l'enfant,Imaging NonOperativeManagement Orthopedics Pediatrics Traumatology
Qu'est-ce qui distingue une fracture de l'enfant d'une fracture de l'adulte ?,"Réponse Des particularités anatomiques (cartilage de croissance, périoste épais), biomécaniques (os plus déformable, plus chargé en eau) et physiologiques (remodelage important), d'où des difficultés diagnostiques, des indications thérapeutiques et une évolution propres.",,Thèses N°53-18 & N°55-18 (FMP Marrakech) — fractures de l'enfant,BoardReview Orthopedics Pediatrics Traumatology
Quelle complication tardive redoute-t-on après une fracture du condyle latéral en pseudarthrose ?,"Réponse Un cubitus valgus progressif, pouvant se compliquer d'une paralysie ulnaire tardive (par étirement chronique du nerf ulnaire).",,Thèses N°53-18 & N°55-18 (FMP Marrakech) — fractures de l'enfant,BoardReview Complications Orthopedics Pediatrics Region::Coude Topic::CondyleLateral Topic::Neurovasculaire Topic::Pseudarthrose Traumatology UpperExtremity
"Devant un traumatisme à haute énergie chez l'enfant, quelle lésion osseuse doit être systématiquement suspectée et pourquoi ?",Réponse Une lésion de l'anneau pelvien : le pronostic vital peut être engagé par la fracture elle-même (hémorragie rétro-péritonéale) ou par les lésions viscérales associées.,,Thèses N°53-18 & N°55-18 (FMP Marrakech) — fractures de l'enfant,BoardReview Complications LowerExtremity Orthopedics Pediatrics Region::Bassin Traumatology
"Quelle imagerie de première intention devant une suspicion de fracture chez l'enfant, et quand compléter ?","Réponse Des radiographies standard de face et de profil prenant les articulations sus- et sous-jacentes. Compléter par un scanner (lésions articulaires/complexes, bassin) ou une échographie/IRM selon le contexte (épiphyses non ossifiées, parties molles).",,Thèses N°53-18 & N°55-18 (FMP Marrakech) — fractures de l'enfant,ClinicalReasoning Imaging Orthopedics Pediatrics Traumatology
Pourquoi une radiographie initiale normale n'élimine-t-elle pas une fracture chez le jeune enfant ?,"Réponse À cause des fractures sous-périostées et des décollements épiphysaires sur épiphyse cartilagineuse (peu/pas visibles) : un cal apparaît 15 jours à 3 semaines plus tard. Des clichés comparatifs ou différés et l'examen clinique (douleur à la percussion, boiterie) sont utiles.",,Thèses N°53-18 & N°55-18 (FMP Marrakech) — fractures de l'enfant,BoardReview ClinicalReasoning GrowthPlate Imaging Orthopedics Pediatrics Topic::Toddler Traumatology
